"vg_dBN_dL","Normals:0","Normals:1","Normals:2","vg_J_magnitude","conn_component","RegionId","Points:0","Points:1","Points:2"
4.4894e-07,-0.85619,0.26248,0.31555,2.4995e-09,100,0,4.3611,-8.8031,-6
4.2787e-07,-0.86905,0.10859,0.40933,2.4641e-09,100,0,4.3608,-8.8699,-5.9324
4.3167e-07,-0.71003,0.70355,-0.026545,1.9033e-09,101,1,4.6091,-8.5001,-6
4.3494e-07,-0.71127,0.70217,-0.031935,1.9532e-09,101,1,4.6339,-8.4751,-5.9934
4.4904e-07,-0.71448,0.69869,-0.035335,1.9544e-09,101,1,4.6771,-8.4303,-5.9908
3.6159e-07,-0.29321,0.67948,0.64862,2.0169e-09,102,2,5.0705,-7.8153,-6
3.5432e-07,-0.30398,0.67073,0.66415,1.9954e-09,102,2,5.0792,-7.8322,-5.9744
3.5432e-07,-0.2668,0.72141,0.62968,1.9954e-09,102,2,5.1484,-7.8322,-5.9744
3.5432e-07,-0.46993,0.53129,0.66285,1.9954e-09,102,2,5.2379,-7.8322,-5.9744
3.7331e-07,-0.61191,0.62562,0.42526,2.1416e-09,102,2,5.2857,-7.8262,-5.9324
3.7331e-07,-0.73046,0.60418,0.30133,2.1416e-09,102,2,5.2857,-7.8262,-5.8763
3.7331e-07,-0.75507,0.58126,0.28181,2.1416e-09,102,2,5.2857,-7.8262,-5.7742
3.39e-07,-0.68247,0.62847,0.30035,1.894e-09,102,2,5.2379,-7.8924,-5.7558
4.6658e-07,-0.47566,0.56605,0.56936,1.6931e-09,33,3,5.6888,-6.8861,-6
4.629e-07,-0.503,0.57343,0.57657,1.5995e-09,33,3,5.6939,-6.9124,-5.9688
4.7448e-07,-0.84982,0.31033,0.31469,1.5245e-09,33,3,5.6399,-6.9329,-6
1.0057e-06,-0.71647,0.69761,-0.003162,1.1045e-09,103,4,6.5114,-5.0369,-6
1.091e-06,-0.71702,0.69704,-0.0041494,1.1406e-09,103,4,6.5321,-5.0157,-5.9833
1.0494e-06,-0.71831,0.6957,-0.0054067,1.2064e-09,103,4,6.5823,-4.9637,-5.9843
1.069e-06,-0.60834,0.52805,0.58281,7.9835e-10,104,5,6.8358,-4.7129,-5.9324
1.0643e-06,-0.62773,0.45891,0.60138,8.6275e-10,104,5,6.8252,-4.7018,-5.9546
1.1701e-06,-0.72109,0.0080789,0.69279,8.5657e-10,105,6,6.891,-4.3514,-5.941
1.1793e-06,-0.7211,0.0081304,0.69278,8.3395e-10,105,6,6.8993,-4.3414,-5.9324
1.1347e-06,-0.7207,0.0067859,0.69321,9.3692e-10,105,6,6.8336,-4.3972,-6
1.1547e-06,-0.94968,-0.097472,0.14518,9.1637e-10,113,7,7.2179,4.0583,-5.9324
1.1508e-06,-0.98499,-0.066438,0.034282,9.7698e-10,113,7,7.2185,4.0182,-5.9457
9.2771e-07,-0.69924,-0.2852,0.65377,8.4294e-10,112,8,7.1509,4.3344,-6
1.0226e-06,-0.6578,-0.38713,0.61503,8.4865e-10,112,8,7.1769,4.3747,-5.9324
2.8489e-08,0.53927,0.23751,-0.74345,9.2117e-09,10,9,6.8411,6.9897,-6
5.5173e-08,0.54623,0.24197,-0.73509,9.0342e-09,10,9,6.8419,7.0122,-5.9871
5.5173e-08,0.55157,0.21385,-0.73751,9.0342e-09,10,9,6.8419,7.0536,-5.9871
5.5173e-08,0.44453,0.23191,-0.77353,9.0342e-09,10,9,6.8419,7.1697,-5.9871
1.9864e-07,0.72833,0.50047,-0.3574,8.811e-09,10,9,6.8482,7.2483,-5.9324
1.9864e-07,0.70827,0.54538,-0.37986,8.811e-09,10,9,6.8482,7.2483,-5.8753
1.9864e-07,0.61791,0.59649,-0.40992,8.811e-09,10,9,6.8482,7.2483,-5.7742
1.7877e-07,0.51512,0.72716,-0.41254,8.839e-09,10,9,6.8367,7.2962,-5.7577
1.8831e-07,0.43349,0.28717,-0.85137,8.7141e-09,10,9,6.8266,7.3273,-5.749
1.8831e-07,0.43442,0.28557,-0.85014,8.7141e-09,10,9,6.8266,7.3294,-5.749
1.8831e-07,0.417,0.26977,-0.8637,8.7141e-09,10,9,6.8266,7.4849,-5.749
1.8595e-07,0.42436,0.27315,-0.8544,8.7087e-09,10,9,6.8257,7.4896,-5.7467
1.8573e-07,0.41078,0.27259,-0.86999,8.7063e-09,10,9,6.8252,7.4917,-5.7458
1.8573e-07,0.38348,0.37639,-0.84319,8.7063e-09,10,9,6.6733,7.4917,-5.7458
1.8573e-07,0.38271,0.37154,-0.84494,8.7063e-09,10,9,6.6664,7.4917,-5.7458
4.1371e-07,-0.60204,-0.57497,0.55403,1.547e-09,114,10,5.5666,7.4849,-5.9947
3.9438e-07,-0.60204,-0.57497,0.55403,1.4992e-09,114,10,5.5791,7.5319,-5.9324
2.7354e-07,-0.68487,-0.28901,0.6689,1.1083e-09,118,11,9.206,1.8815,-5.9133
2.7719e-07,-0.68487,-0.28901,0.6689,1.1337e-09,118,11,9.1883,1.8792,-5.9324
3.2786e-07,-0.66464,-0.34214,0.66422,9.0002e-10,119,12,9.0473,2.5612,-5.8973
3.1378e-07,-0.66464,-0.34214,0.66422,9.5734e-10,119,12,9.0146,2.5565,-5.9324
3.3825e-07,-0.5898,0.57361,0.56843,1.1342e-09,131,13,4.6691,-8.7511,-5.616
3.3941e-07,-0.5898,0.57361,0.56843,1.1369e-09,131,13,4.6708,-8.7455,-5.6199
3.2492e-07,-0.7178,0.60953,0.32778,1.3618e-09,132,14,4.9576,-8.4657,-5.616
3.3893e-07,-0.72923,0.38909,0.50787,1.3857e-09,132,14,4.9592,-8.4303,-5.65
3.2492e-07,-0.7094,0.60203,0.35961,1.3618e-09,132,14,4.9576,-8.4657,-5.5392
3.3893e-07,-0.68699,0.25646,0.67778,1.3857e-09,132,14,4.9592,-8.3457,-5.65
3.2492e-07,-0.65004,0.65287,0.3881,1.3618e-09,132,14,4.9576,-8.4657,-5.4578
3.3893e-07,-0.67859,0.30206,0.66953,1.3857e-09,132,14,4.9592,-8.2728,-5.65
3.1536e-07,-0.62309,0.65244,0.41096,1.2945e-09,132,14,4.9472,-8.5037,-5.4312
3.3457e-07,-0.6741,0.35904,0.62301,1.4721e-09,132,14,4.9814,-8.2596,-5.6404
3.1692e-07,-0.66356,0.59589,0.41709,1.2565e-09,132,14,4.9329,-8.5175,-5.431
3.2474e-07,-0.48983,0.6413,0.57208,1.6537e-09,132,14,5.0428,-8.1891,-5.6523
3.154e-07,-0.66743,0.54542,0.45817,1.2132e-09,132,14,4.9205,-8.5291,-5.4325
3.2787e-07,-0.50988,0.64097,0.55517,1.7162e-09,132,14,5.0488,-8.1637,-5.6711
3.3767e-07,-0.37099,0.6781,0.57849,1.7633e-09,132,14,5.0446,-8.1152,-5.724
5.1477e-07,-0.75706,-0.29717,-0.1171,1.122e-09,133,15,5.9097,-6.9322,-5.6586
5.3938e-07,-0.64656,-0.48159,-0.40869,7.2742e-10,133,15,5.8857,-6.9494,-5.616
4.9468e-07,-0.85541,0.1319,-0.13137,1.6702e-09,133,15,5.9294,-6.8546,-5.757
4.6285e-07,-0.82748,0.26031,-0.46766,2.7837e-09,134,16,6.2462,-6.5394,-5.7524
4.6842e-07,-0.68777,0.631,-0.27912,2.147e-09,134,16,6.1903,-6.6051,-5.7621
4.6285e-07,-0.83671,0.17492,-0.47707,2.7837e-09,134,16,6.2462,-6.4947,-5.7524
4.6285e-07,-0.85951,-0.002711,-0.47877,2.7837e-09,134,16,6.2462,-6.3818,-5.7524
6.3716e-07,-0.70308,-0.0015301,-0.71111,8.0569e-10,134,16,6.1903,-6.2669,-5.6973
4.4814e-07,-0.78151,-0.078295,0.61374,1.8289e-09,135,17,9.5235,0.72746,-5.7636
4.372e-07,-0.78256,-0.073884,0.61465,1.8552e-09,135,17,9.5176,0.74147,-5.7685
4.2481e-07,-0.90915,-0.068815,0.35167,1.8878e-09,135,17,9.5108,0.75799,-5.7742
7.3041e-07,-0.73198,0.35963,0.57022,1.4999e-09,136,18,9.5209,0.91495,-5.7742
7.4862e-07,-0.72919,0.37799,0.56777,1.4724e-09,136,18,9.5235,0.9172,-5.7724
3.3061e-07,-0.65369,-0.39021,0.64841,8.5012e-10,137,19,9.206,2.3846,-5.765
3.322e-07,-0.65369,-0.39021,0.64841,8.6555e-10,137,19,9.1977,2.3833,-5.7742
1.2153e-08,0.73926,0.49928,-0.28826,8.35e-09,10,20,6.6012,7.9083,-5.5159
1.2153e-08,0.70763,0.49661,-0.32066,8.35e-09,10,20,6.6012,7.9083,-5.4578
1.2153e-08,0.67578,0.53653,-0.41765,8.35e-09,10,20,6.6012,7.9083,-5.616
3.182e-07,-0.83998,-0.16059,0.10403,1.7537e-09,147,21,5.293,-8.2301,-5.3222
3.1664e-07,-0.8296,-0.1801,0.074274,1.6956e-09,147,21,5.2904,-8.2495,-5.2996
3.3687e-07,-0.88761,0.22497,-0.07581,1.9552e-09,147,21,5.302,-8.1152,-5.4476
3.7118e-07,-0.62634,0.62025,-0.44671,9.6545e-10,152,22,4.9556,-8.7455,-5.1026
3.5612e-07,-0.64652,0.64024,-0.36178,8.9497e-10,152,22,4.9205,-8.7882,-5.1097
3.5757e-07,-0.6299,0.62589,-0.43297,1.5051e-09,153,23,5.2793,-8.4303,-5.108
3.426e-07,-0.64442,0.64032,-0.36382,1.3093e-09,153,23,5.2379,-8.4745,-5.1104
4.1649e-07,-0.76667,-0.13597,0.62112,1.5447e-09,154,24,9.6747,2.3132,-5.1353
4.2119e-07,-0.76469,-0.14667,0.61951,1.5322e-09,154,24,9.6822,2.2987,-5.13
4.138e-07,-0.76562,-0.13009,0.6228,1.5635e-09,154,24,9.6686,2.3179,-5.1414
3.2377e-07,0.84447,-0.38048,-0.37694,1.5437e-08,161,25,8.605,-6.0651,-3.4012
3.3887e-07,0.85356,-0.35983,-0.37573,1.5773e-08,161,25,8.632,-5.9091,-3.4864
3.2367e-07,0.84437,-0.3807,-0.37694,1.5434e-08,161,25,8.6047,-6.0667,-3.4004
3.3677e-07,0.86221,-0.34687,-0.36903,1.5937e-08,161,25,8.6654,-5.7856,-3.5253
3.2287e-07,0.84419,-0.38123,-0.37682,1.5428e-08,161,25,8.6043,-6.0705,-3.3974
3.5344e-07,0.85831,-0.35102,-0.37417,1.6405e-08,161,25,8.6794,-5.7524,-3.5238
2.8177e-07,0.842,-0.39632,-0.36597,1.5313e-08,161,25,8.5893,-6.2243,-3.2686
3.5394e-07,0.85556,-0.35247,-0.37881,1.6418e-08,161,25,8.6798,-5.7515,-3.5237
2.7232e-07,0.84522,-0.39584,-0.359,1.5282e-08,161,25,8.5871,-6.2528,-3.243
4.069e-07,0.83994,-0.37118,-0.39588,1.7966e-08,161,25,8.729,-5.662,-3.4927
2.436e-07,0.84112,-0.40604,-0.35722,1.5296e-08,161,25,8.5806,-6.3325,-3.165
4.0702e-07,0.83435,-0.38106,-0.3982,1.7988e-08,161,25,8.7298,-5.6606,-3.4923
2.2486e-07,0.83912,-0.41361,-0.35321,1.5283e-08,161,25,8.5771,-6.3818,-3.1165
3.9443e-07,0.83686,-0.38106,-0.39268,1.774e-08,161,25,8.7542,-5.594,-3.5052
2.1065e-07,0.84661,-0.41055,-0.33854,1.5245e-08,161,25,8.5751,-6.4132,-3.0848
3.6824e-07,0.84697,-0.36577,-0.38578,1.7085e-08,161,25,8.8016,-5.4843,-3.5113
1.5282e-07,0.83864,-0.42823,-0.33659,1.5308e-08,161,25,8.5729,-6.5256,-2.9446
3.9134e-07,0.84788,-0.36588,-0.38362,1.7484e-08,161,25,8.8235,-5.4364,-3.5048
1.456e-07,0.82957,-0.44394,-0.33863,1.5308e-08,161,25,8.5728,-6.5394,-2.9273
4.3925e-07,0.84952,-0.36209,-0.38356,1.8166e-08,161,25,8.8644,-5.3394,-3.4986
1.4529e-07,0.8309,-0.44318,-0.33618,1.5307e-08,161,25,8.5728,-6.54,-2.9266
4.4259e-07,0.84334,-0.36802,-0.39137,1.8374e-08,161,25,8.8731,-5.3227,-3.4964
1.4342e-07,0.82827,-0.44661,-0.33833,1.5298e-08,161,25,8.5731,-6.542,-2.9231
4.523e-07,0.83373,-0.37869,-0.40183,1.8745e-08,161,25,8.8886,-5.2917,-3.4928
5.569e-08,0.84943,-0.43555,-0.29774,1.4903e-08,161,25,8.5847,-6.6318,-2.7685
4.5105e-07,0.83519,-0.3769,-0.40037,1.8661e-08,161,25,8.8937,-5.2788,-3.4946
4.5337e-08,0.84833,-0.44021,-0.29375,1.4881e-08,161,25,8.5916,-6.6462,-2.7261
4.3435e-07,0.8472,-0.36051,-0.39008,1.7922e-08,161,25,8.936,-5.1767,-3.5037
1.4163e-08,0.84998,-0.44841,-0.27636,1.4555e-08,161,25,8.6091,-6.6871,-2.6202
4.4077e-07,0.85218,-0.35362,-0.38518,1.7965e-08,161,25,8.958,-5.1212,-3.5021
1.0323e-08,0.85085,-0.44796,-0.27422,1.457e-08,161,25,8.6108,-6.6897,-2.6102
4.4361e-07,0.86114,-0.34363,-0.37452,1.7899e-08,161,25,8.9966,-5.0328,-3.49
4.6962e-07,0.85185,-0.35321,-0.3865,1.8441e-08,161,25,9.0188,-4.9836,-3.486
4.8151e-07,0.84302,-0.3611,-0.39803,1.864e-08,161,25,9.0275,-4.9637,-3.4845
4.973e-07,0.83483,-0.36985,-0.40774,1.9145e-08,161,25,9.0473,-4.9225,-3.4781
4.9611e-07,0.83255,-0.37257,-0.4099,1.9065e-08,161,25,9.0515,-4.9138,-3.478
4.9113e-07,0.83481,-0.3728,-0.40494,1.8856e-08,161,25,9.0641,-4.888,-3.4772
4.5222e-07,0.84849,-0.35864,-0.38796,1.8324e-08,161,25,9.1028,-4.8061,-3.4659
4.2552e-07,0.85824,-0.34936,-0.37586,1.7879e-08,161,25,9.13,-4.7468,-3.4608
4.5651e-07,0.85161,-0.35921,-0.38168,1.8756e-08,161,25,9.1746,-4.6485,-3.4478
4.7254e-07,0.84999,-0.3617,-0.38294,1.9087e-08,161,25,9.1931,-4.6068,-3.4431
4.6765e-07,0.84049,-0.3716,-0.39425,1.9289e-08,161,25,9.202,-4.5918,-3.4388
4.6651e-07,0.8378,-0.37527,-0.39654,1.9377e-08,161,25,9.206,-4.5847,-3.4368
4.0234e-07,0.85049,-0.36199,-0.38135,1.841e-08,161,25,9.2531,-4.4909,-3.4264
3.8637e-07,0.85323,-0.3587,-0.37855,1.8175e-08,161,25,9.2645,-4.4674,-3.4249
3.8872e-07,0.85873,-0.3535,-0.37086,1.8256e-08,161,25,9.2934,-4.4174,-3.4012
3.8463e-07,0.86503,-0.34752,-0.3618,1.8353e-08,161,25,9.3259,-4.3617,-3.3728
3.8588e-07,0.86138,-0.35184,-0.36623,1.851e-08,161,25,9.3334,-4.3471,-3.3696
3.8922e-07,0.85587,-0.35801,-0.37272,1.8662e-08,161,25,9.3403,-4.3334,-3.3665
3.9348e-07,0.8437,-0.37224,-0.38678,1.9195e-08,161,25,9.3647,-4.2873,-3.3546
3.7983e-07,0.84373,-0.37312,-0.38586,1.8925e-08,161,25,9.3776,-4.2657,-3.3487
3.5586e-07,0.84732,-0.3708,-0.38012,1.8553e-08,161,25,9.3954,-4.2388,-3.338
2.4756e-07,0.87008,-0.34756,-0.34906,1.7859e-08,161,25,9.4518,-4.1758,-3.2611
2.3368e-07,0.87295,-0.34477,-0.34508,1.7765e-08,161,25,9.4591,-4.1676,-3.2513
2.4096e-07,0.87188,-0.34694,-0.34555,1.7935e-08,161,25,9.4679,-4.1538,-3.243
2.545e-07,0.86703,-0.35954,-0.34476,1.8841e-08,161,25,9.5204,-4.0808,-3.1802
2.4991e-07,0.86228,-0.36589,-0.35007,1.8866e-08,161,25,9.5222,-4.0797,-3.177
2.4715e-07,0.85914,-0.37261,-0.35074,1.889e-08,161,25,9.5235,-4.0789,-3.1748
9.1983e-08,0.86871,-0.36302,-0.33679,1.7858e-08,161,25,9.5635,-4.0739,-3.0848
8.6209e-08,0.87008,-0.36321,-0.33309,1.783e-08,161,25,9.5644,-4.0754,-3.0806
2.3414e-07,0.91776,-0.33978,-0.20273,1.0789e-08,162,26,6.9199,-9,-2.8242
2.3414e-07,0.92788,-0.33065,-0.16186,1.0789e-08,162,26,6.9199,-8.9031,-2.8242
2.1105e-07,0.54921,-0.73967,-0.21351,1.1159e-08,162,26,6.9574,-8.8652,-2.8084
2.0731e-07,0.42823,-0.87861,-0.21061,1.1358e-08,162,26,6.9839,-8.838,-2.7948
2.0731e-07,0.40927,-0.86354,-0.29329,1.1358e-08,162,26,7.1161,-8.838,-2.7948
2.0731e-07,0.40205,-0.8703,-0.27855,1.1358e-08,162,26,7.1426,-8.838,-2.7948
2.0823e-07,0.48165,-0.78415,-0.28732,1.1319e-08,162,26,7.1455,-8.8359,-2.7929
2.7078e-07,0.91415,-0.34633,-0.21069,9.9053e-09,162,26,7.2339,-8.7455,-2.7689
2.7078e-07,0.91418,-0.34622,-0.21073,9.9053e-09,162,26,7.2339,-8.745,-2.7689
2.7078e-07,0.92232,-0.34798,-0.16801,9.9053e-09,162,26,7.2339,-8.5879,-2.7689
2.7062e-07,0.9223,-0.34806,-0.16797,9.9028e-09,162,26,7.2342,-8.5876,-2.7688
2.7084e-07,0.91619,-0.35478,-0.16868,9.9157e-09,162,26,7.235,-8.5867,-2.7685
2.7084e-07,0.91624,-0.35479,-0.16855,9.9157e-09,162,26,7.235,-8.5867,-2.7664
2.7084e-07,0.92128,-0.31612,-0.21097,9.9157e-09,162,26,7.235,-8.5867,-2.6102
2.7171e-07,0.45264,-0.86606,-0.2115,1.1268e-08,162,26,7.3013,-8.5112,-2.577
2.7171e-07,0.45199,-0.86175,-0.22934,1.1268e-08,162,26,7.3347,-8.5112,-2.577
2.7171e-07,0.42903,-0.8864,-0.16488,1.1268e-08,162,26,7.4601,-8.5112,-2.577
2.4831e-07,0.78935,-0.47868,-0.18764,1.1006e-08,162,26,7.4978,-8.4712,-2.5646
2.5796e-07,0.93434,-0.32039,-0.156,1.0501e-08,162,26,7.5336,-8.4303,-2.5484
2.5796e-07,0.94338,-0.29098,-0.15805,1.0501e-08,162,26,7.5336,-8.3343,-2.5484
2.5796e-07,0.94293,-0.29637,-0.14904,1.0501e-08,162,26,7.5336,-8.2728,-2.5484
2.3216e-07,0.93269,-0.32354,-0.15724,1.1262e-08,162,26,7.586,-8.2034,-2.5217
2.3767e-07,0.60021,-0.70004,-0.20396,1.1875e-08,162,26,7.6167,-8.1714,-2.4991
2.3845e-07,0.4733,-0.72508,-0.38173,1.1982e-08,162,26,7.6188,-8.1701,-2.496
2.3845e-07,0.40311,-0.74055,-0.44144,1.1982e-08,162,26,7.7277,-8.1701,-2.496
2.3845e-07,0.44781,-0.72561,-0.41388,1.1982e-08,162,26,7.7775,-8.1701,-2.496
2.3008e-07,0.86461,-0.40539,-0.22612,1.12e-08,162,26,7.8281,-8.1152,-2.4705
2.1509e-07,0.91424,-0.34139,-0.20275,1.1741e-08,162,26,7.8434,-8.0347,-2.452
2.2164e-07,0.92424,-0.31104,-0.21042,1.2183e-08,162,26,7.8473,-8.0105,-2.399
2.1127e-07,0.89093,-0.3989,-0.2162,1.3429e-08,162,26,7.8668,-7.9666,-2.2939
2.0888e-07,0.88968,-0.40015,-0.21975,1.3514e-08,162,26,7.8684,-7.9594,-2.292
2.1015e-07,0.88956,-0.40008,-0.22051,1.3572e-08,162,26,7.8697,-7.9576,-2.2896
2.1107e-07,0.88571,-0.40636,-0.22132,1.3598e-08,162,26,7.8709,-7.9567,-2.2879
2.5084e-07,0.79255,-0.55901,-0.24348,1.4892e-08,162,26,7.9362,-7.8979,-2.2219
2.5786e-07,0.78043,-0.57393,-0.24757,1.4863e-08,162,26,7.9578,-7.8793,-2.1994
2.6119e-07,0.78179,-0.57768,-0.23457,1.4684e-08,162,26,8.0096,-7.8366,-2.1357
2.5802e-07,0.78304,-0.57572,-0.23483,1.467e-08,162,26,8.0202,-7.827,-2.1252
2.551e-07,0.78008,-0.58029,-0.23392,1.4571e-08,162,26,8.0293,-7.8194,-2.1162
2.5075e-07,0.78516,-0.57562,-0.22802,1.4747e-08,162,26,8.0518,-7.8,-2.0833
2.502e-07,0.78013,-0.58372,-0.22487,1.4824e-08,162,26,8.0614,-7.7922,-2.0698
2.4794e-07,0.77947,-0.58566,-0.22195,1.5108e-08,162,26,8.0949,-7.7636,-2.0245
2.4565e-07,0.78154,-0.5846,-0.21764,1.5071e-08,162,26,8.107,-7.754,-2.0084
2.4367e-07,0.78352,-0.5841,-0.21188,1.4968e-08,162,26,8.13,-7.7344,-1.9775
2.4089e-07,0.78663,-0.57859,-0.21536,1.49e-08,162,26,8.1498,-7.7168,-1.9526
2.4108e-07,0.7877,-0.57939,-0.20936,1.4564e-08,162,26,8.1732,-7.6991,-1.9206
2.2074e-07,0.80045,-0.56647,-0.19584,1.4975e-08,162,26,8.232,-7.6503,-1.8193
2.1863e-07,0.80114,-0.56595,-0.19463,1.4966e-08,162,26,8.2354,-7.6471,-1.8146
2.2095e-07,0.80106,-0.566,-0.19481,1.4979e-08,162,26,8.2385,-7.6445,-1.8092
2.2164e-07,0.79993,-0.56719,-0.19592,1.504e-08,162,26,8.2409,-7.6425,-1.8051
2.2437e-07,0.79398,-0.57578,-0.19508,1.517e-08,162,26,8.2537,-7.6314,-1.7859
2.3189e-07,0.79841,-0.56918,-0.19606,1.5056e-08,162,26,8.2718,-7.6131,-1.7642
2.5045e-07,0.80382,-0.56502,-0.18578,1.4518e-08,162,26,8.3058,-7.5828,-1.721
2.2834e-07,0.82083,-0.5437,-0.17348,1.4655e-08,162,26,8.3546,-7.527,-1.6611
2.1797e-07,0.82711,-0.53642,-0.16751,1.459e-08,162,26,8.3738,-7.5044,-1.6415
2.1936e-07,0.82681,-0.53596,-0.17061,1.4844e-08,162,26,8.3929,-7.4857,-1.6058
2.1923e-07,0.82479,-0.53855,-0.17199,1.4867e-08,162,26,8.3936,-7.4849,-1.6044
2.2053e-07,0.81835,-0.54777,-0.17387,1.5111e-08,162,26,8.4124,-7.4652,-1.5759
2.3051e-07,0.8241,-0.53848,-0.17483,1.492e-08,162,26,8.4327,-7.4425,-1.5503
2.3195e-07,0.818,-0.54724,-0.17541,1.4877e-08,162,26,8.4349,-7.4405,-1.5474
2.3263e-07,0.83974,-0.51897,-0.15694,1.4426e-08,162,26,8.4929,-7.3622,-1.5029
2.3791e-07,0.8467,-0.51,-0.15127,1.4227e-08,162,26,8.51,-7.3398,-1.4903
2.3092e-07,0.84905,-0.50662,-0.1498,1.4265e-08,162,26,8.5186,-7.3273,-1.4822
2.3254e-07,0.84821,-0.50789,-0.1503,1.4336e-08,162,26,8.5241,-7.3192,-1.4777
2.4056e-07,0.84603,-0.50953,-0.15671,1.4951e-08,162,26,8.5711,-7.2517,-1.4265
2.4379e-07,0.84962,-0.50412,-0.15462,1.4755e-08,162,26,8.587,-7.2314,-1.4116
2.4699e-07,0.86365,-0.48164,-0.14824,1.4254e-08,162,26,8.63,-7.1697,-1.3841
2.2792e-07,0.86957,-0.47245,-0.14318,1.4228e-08,162,26,8.6461,-7.1426,-1.372
2.3209e-07,0.87223,-0.46757,-0.14252,1.4425e-08,162,26,8.6598,-7.123,-1.3447
2.0868e-07,0.87954,-0.45472,-0.13952,1.4701e-08,162,26,8.6933,-7.0735,-1.2831
2.7307e-07,0.8751,-0.46045,-0.14843,1.5234e-08,162,26,8.7252,-7.0262,-1.2324
2.8311e-07,0.86703,-0.4737,-0.15435,1.5396e-08,162,26,8.7298,-7.0192,-1.2243
2.9048e-07,0.86156,-0.48291,-0.15644,1.5324e-08,162,26,8.7352,-7.0122,-1.219
2.9805e-07,0.86074,-0.4845,-0.1554,1.507e-08,162,26,8.7503,-6.99,-1.2087
2.9399e-07,0.87459,-0.46169,-0.14406,1.4828e-08,162,26,8.784,-6.9315,-1.1865
2.9553e-07,0.88914,-0.43798,-0.13225,1.4501e-08,162,26,8.8193,-6.8688,-1.1722
3.0297e-07,0.89099,-0.43495,-0.13013,1.4527e-08,162,26,8.827,-6.8546,-1.1646
3.1548e-07,0.88832,-0.43972,-0.13188,1.4655e-08,162,26,8.8342,-6.841,-1.1619
4.3121e-07,0.87771,-0.45783,-0.14123,1.562e-08,162,26,8.8886,-6.7412,-1.1133
4.3919e-07,0.87009,-0.4713,-0.14378,1.5541e-08,162,26,8.8951,-6.7313,-1.1092
4.4967e-07,0.87259,-0.4668,-0.14284,1.5288e-08,162,26,8.9148,-6.697,-1.1076
4.3782e-07,0.88786,-0.44074,-0.13066,1.4893e-08,162,26,8.9516,-6.6283,-1.0972
4.4322e-07,0.89995,-0.42009,-0.11656,1.4924e-08,162,26,8.9964,-6.5394,-1.0669
4.9424e-07,0.88449,-0.44813,-0.1295,1.5739e-08,162,26,9.0417,-6.4499,-1.0417
4.9994e-07,0.88355,-0.44975,-0.13058,1.5842e-08,162,26,9.0473,-6.4385,-1.0383
5.0006e-07,0.88239,-0.45181,-0.13113,1.5837e-08,162,26,9.0477,-6.4379,-1.0382
5.0202e-07,0.8838,-0.44937,-0.13018,1.5363e-08,162,26,9.08,-6.3818,-1.0312
5.007e-07,0.88445,-0.4482,-0.12972,1.5342e-08,162,26,9.0815,-6.3787,-1.0314
4.9219e-07,0.88694,-0.44352,-0.12762,1.531e-08,162,26,9.0883,-6.3645,-1.0283
4.1434e-07,0.90878,-0.40235,-0.11019,1.4974e-08,162,26,9.1471,-6.2392,-1.0133
4.1521e-07,0.91026,-0.39963,-0.10815,1.501e-08,162,26,9.1543,-6.2243,-1.0051
4.1306e-07,0.90739,-0.40533,-0.11012,1.5123e-08,162,26,9.1604,-6.2113,-1.0033
4.2934e-07,0.89457,-0.42973,-0.12247,1.5948e-08,162,26,9.206,-6.1102,-0.98904
4.2363e-07,0.88596,-0.44625,-0.12566,1.5741e-08,162,26,9.2196,-6.085,-0.98996
4.1102e-07,0.88669,-0.44484,-0.12532,1.5591e-08,162,26,9.2291,-6.0667,-0.99097
3.2258e-07,0.9097,-0.40036,-0.10941,1.4903e-08,162,26,9.2894,-5.9326,-1.0047
3.1309e-07,0.91267,-0.39455,-0.10636,1.4875e-08,162,26,9.3004,-5.9091,-0.9956
3.2211e-07,0.91169,-0.39719,-0.10474,1.5605e-08,162,26,9.3471,-5.8013,-0.97834
3.1936e-07,0.90534,-0.40987,-0.11013,1.5881e-08,162,26,9.3634,-5.7657,-0.97092
3.194e-07,0.89349,-0.4334,-0.11747,1.5926e-08,162,26,9.3647,-5.7627,-0.97036
3.1364e-07,0.89079,-0.43864,-0.1185,1.5833e-08,162,26,9.3705,-5.7515,-0.97261
2.9256e-07,0.903,-0.41371,-0.11538,1.4709e-08,162,26,9.436,-5.6076,-1.0146
2.8633e-07,0.90515,-0.4094,-0.11421,1.4637e-08,162,26,9.4419,-5.594,-1.0177
2.5168e-07,0.91626,-0.38636,-0.10551,1.5091e-08,162,26,9.4936,-5.4744,-0.9901
2.6674e-07,0.9111,-0.39686,-0.10977,1.5386e-08,162,26,9.5118,-5.4364,-0.97025
2.6674e-07,0.90866,-0.40105,-0.11335,1.5387e-08,162,26,9.5118,-5.4364,-0.97024
2.7149e-07,0.89752,-0.42345,-0.12291,1.557e-08,162,26,9.5235,-5.4108,-0.96589
2.6435e-07,0.89986,-0.41841,-0.12291,1.4907e-08,162,26,9.5625,-5.3296,-0.97736
2.6435e-07,0.89533,-0.42748,-0.12279,1.4907e-08,162,26,9.5625,-5.3295,-0.97737
2.5462e-07,0.90527,-0.40773,-0.11852,1.45e-08,162,26,9.5856,-5.2788,-0.98928
2.0649e-07,0.92409,-0.36555,-0.11016,1.4539e-08,162,26,9.6322,-5.16,-0.98938
2.0013e-07,0.92682,-0.35982,-0.10704,1.4688e-08,162,26,9.6492,-5.1212,-0.97117
1.9966e-07,0.9211,-0.37205,-0.11289,1.484e-08,162,26,9.6585,-5.0993,-0.9651
1.9899e-07,0.91265,-0.38942,-0.12375,1.5233e-08,162,26,9.6822,-5.0389,-0.95942
1.9609e-07,0.90718,-0.40055,-0.1281,1.4959e-08,162,26,9.6983,-5.0037,-0.96658
1.8878e-07,0.90862,-0.39702,-0.1284,1.4652e-08,162,26,9.7161,-4.9637,-0.97391
1.9542e-07,0.93041,-0.3483,-0.11199,1.4213e-08,162,26,9.7605,-4.8463,-0.9879
1.8909e-07,0.93647,-0.33343,-0.10851,1.4169e-08,162,26,9.7747,-4.8061,-0.99137
1.7249e-07,0.94066,-0.32399,-0.10086,1.4585e-08,162,26,9.81,-4.7067,-0.96986
1.6456e-07,0.94008,-0.32609,-0.099439,1.5006e-08,162,26,9.8327,-4.6485,-0.93956
1.6443e-07,0.93196,-0.34639,-0.10503,1.5016e-08,162,26,9.8332,-4.6474,-0.93868
1.5828e-07,0.92482,-0.36348,-0.11193,1.5172e-08,162,26,9.8409,-4.6279,-0.9306
1.4799e-07,0.92462,-0.36421,-0.11124,1.4886e-08,162,26,9.858,-4.5895,-0.92812
1.4393e-07,0.9295,-0.35317,-0.10595,1.419e-08,162,26,9.9031,-4.4909,-0.89684
1.423e-07,0.93265,-0.34557,-0.10272,1.4168e-08,162,26,9.9113,-4.4688,-0.89229
1.4706e-07,0.93901,-0.32968,-0.094822,1.4287e-08,162,26,9.9318,-4.4127,-0.87008
1.4935e-07,0.94677,-0.31011,-0.086181,1.4383e-08,162,26,9.9535,-4.3514,-0.85201
1.4961e-07,0.94745,-0.30846,-0.084654,1.4448e-08,162,26,9.9595,-4.3334,-0.84732
1.4823e-07,0.94391,-0.31776,-0.087169,1.4553e-08,162,26,9.9651,-4.3181,-0.84199
1.4311e-07,0.92989,-0.35421,-0.098949,1.5218e-08,162,26,9.9997,-4.2177,-0.82279
1.4028e-07,0.9166,-0.38502,-0.10595,1.5047e-08,162,26,10.009,-4.1965,-0.82425
1.3703e-07,0.91509,-0.38883,-0.10597,1.4877e-08,162,26,10.019,-4.1758,-0.82169
1.0125e-07,0.93186,-0.35081,-0.090082,1.4324e-08,162,26,10.059,-4.0794,-0.80866
1.1093e-07,0.94165,-0.32715,-0.075564,1.4255e-08,162,26,10.08,-4.0426,-0.71189
1.0854e-07,0.94421,-0.32102,-0.072742,1.4201e-08,162,26,10.086,-4.0287,-0.70133
1.1359e-07,0.94584,-0.31674,-0.070837,1.4195e-08,162,26,10.09,-4.0182,-0.69114
1.3727e-07,0.94999,-0.30605,-0.061959,1.4576e-08,162,26,10.122,-3.9257,-0.64655
1.6018e-07,0.94926,-0.30921,-0.057277,1.4976e-08,162,26,10.146,-3.8606,-0.59133
1.5335e-07,0.93711,-0.34233,-0.064828,1.5117e-08,162,26,10.154,-3.8377,-0.58923
1.5164e-07,0.93318,-0.3528,-0.06831,1.5195e-08,162,26,10.158,-3.8233,-0.59287
1.4264e-07,0.93226,-0.35463,-0.071233,1.4826e-08,162,26,10.177,-3.7749,-0.62314
1.1941e-07,0.93283,-0.35256,-0.07369,1.4285e-08,162,26,10.204,-3.703,-0.65745
8.5925e-08,0.94708,-0.3129,-0.064245,1.4051e-08,162,26,10.233,-3.6201,-0.63693
1.0162e-07,0.9553,-0.2892,-0.054246,1.4043e-08,162,26,10.252,-3.5755,-0.55369
9.9009e-08,0.95841,-0.28013,-0.052091,1.4016e-08,162,26,10.259,-3.5554,-0.54371
1.0397e-07,0.95987,-0.27578,-0.050785,1.4019e-08,162,26,10.262,-3.5455,-0.53353
1.4224e-07,0.96214,-0.26833,-0.04723,1.4302e-08,162,26,10.287,-3.4649,-0.47641
1.952e-07,0.96126,-0.27128,-0.048528,1.4642e-08,162,26,10.31,-3.3879,-0.44362
1.9891e-07,0.95307,-0.29624,-0.057876,1.4692e-08,162,26,10.313,-3.3764,-0.44542
2.0504e-07,0.94944,-0.30734,-0.063616,1.4759e-08,162,26,10.317,-3.3614,-0.44201
2.1313e-07,0.94823,-0.31016,-0.067465,1.4484e-08,162,26,10.329,-3.3274,-0.44457
2.208e-07,0.94777,-0.30959,-0.076356,1.3745e-08,162,26,10.363,-3.2303,-0.48118
2.9994e-07,0.96464,-0.25026,-0.075202,1.3328e-08,162,26,10.394,-3.108,-0.51827
3.0983e-07,0.96976,-0.2319,-0.07589,1.3246e-08,162,26,10.401,-3.0727,-0.54026
3.2635e-07,0.97129,-0.22439,-0.076511,1.324e-08,162,26,10.405,-3.0485,-0.55369
3.9485e-07,0.98038,-0.1808,-0.078128,1.3213e-08,162,26,10.427,-2.9152,-0.61624
4.2531e-07,0.98464,-0.15207,-0.084632,1.3271e-08,162,26,10.441,-2.7833,-0.71189
4.2228e-07,0.98549,-0.14641,-0.085782,1.3283e-08,162,26,10.444,-2.7576,-0.73226
4.54e-07,0.98732,-0.12936,-0.091436,1.3366e-08,162,26,10.451,-2.6384,-0.8316
4.5539e-07,0.98786,-0.12407,-0.093459,1.34e-08,162,26,10.453,-2.6,-0.86493
4.5924e-07,0.98785,-0.12384,-0.093843,1.3409e-08,162,26,10.453,-2.5939,-0.87008
5.2486e-07,0.98803,-0.11721,-0.10019,1.3654e-08,162,26,10.46,-2.4424,-0.98117
5.8987e-07,0.98731,-0.12049,-0.10333,1.3823e-08,162,26,10.463,-2.3753,-1.0283
6.5755e-07,0.98642,-0.1247,-0.10682,1.4069e-08,162,26,10.468,-2.2849,-1.0831
6.5757e-07,0.98174,-0.14399,-0.12257,1.4109e-08,162,26,10.468,-2.2754,-1.0898
7.7214e-07,0.97954,-0.14945,-0.13464,1.4527e-08,162,26,10.476,-2.1677,-1.1442
7.7641e-07,0.97155,-0.17513,-0.15822,1.4526e-08,162,26,10.476,-2.1634,-1.1462
7.9608e-07,0.96961,-0.18023,-0.1653,1.4541e-08,162,26,10.48,-2.1273,-1.1675
8.1896e-07,0.97028,-0.17589,-0.16584,1.4549e-08,162,26,10.483,-2.0928,-1.1865
8.6445e-07,0.9724,-0.16277,-0.16676,1.4595e-08,162,26,10.494,-1.9697,-1.2496
9.1908e-07,0.9751,-0.13936,-0.17203,1.4621e-08,162,26,10.503,-1.8492,-1.3074
9.1716e-07,0.97605,-0.13188,-0.17265,1.4684e-08,162,26,10.505,-1.8121,-1.3271
9.207e-07,0.97679,-0.12427,-0.17347,1.4728e-08,162,26,10.506,-1.7776,-1.3447
8.828e-07,0.97938,-0.096169,-0.17687,1.4955e-08,162,26,10.508,-1.6545,-1.408
8.7776e-07,0.97883,-0.072386,-0.19052,1.5051e-08,162,26,10.508,-1.5368,-1.4629
8.4326e-07,0.97891,-0.06471,-0.19312,1.5135e-08,162,26,10.508,-1.497,-1.4797
8.4342e-07,0.97782,-0.055685,-0.20133,1.5166e-08,162,26,10.506,-1.4458,-1.5029
7.7742e-07,0.97825,-0.037201,-0.204,1.5355e-08,162,26,10.502,-1.3802,-1.534
7.8469e-07,0.97723,-0.031764,-0.20966,1.5409e-08,162,26,10.499,-1.3394,-1.5508
7.8181e-07,0.97418,-0.027718,-0.22309,1.549e-08,162,26,10.495,-1.2679,-1.5747
7.3677e-07,0.97328,-0.018561,-0.22782,1.5623e-08,162,26,10.491,-1.1818,-1.6015
7.3707e-07,0.9726,-0.0088826,-0.23189,1.5697e-08,162,26,10.484,-1.0479,-1.6373
7.2032e-07,0.97241,-0.0071679,-0.23283,1.5724e-08,162,26,10.483,-1.0243,-1.6422
7.2282e-07,0.97212,-0.0034647,-0.2344,1.5793e-08,162,26,10.479,-0.94517,-1.6611
7.1179e-07,0.97542,-0.0013365,-0.2198,1.5823e-08,162,26,10.478,-0.92619,-1.6658
6.9744e-07,0.98148,-0.0027281,-0.19151,1.5864e-08,162,26,10.476,-0.89469,-1.6733
6.8048e-07,0.98227,-0.0027375,-0.1872,1.5829e-08,162,26,10.475,-0.86667,-1.6812
6.7703e-07,0.98272,-0.0036169,-0.18436,1.5793e-08,162,26,10.474,-0.85133,-1.6875
5.718e-07,0.98729,-0.012684,-0.15722,1.5539e-08,162,26,10.466,-0.70909,-1.7419
6.2636e-07,0.99129,-0.02038,-0.13009,1.502e-08,162,26,10.457,-0.57881,-1.8193
6.1977e-07,0.99143,-0.021536,-0.12886,1.4949e-08,162,26,10.456,-0.55152,-1.835
6.323e-07,0.99132,-0.020217,-0.12983,1.4888e-08,162,26,10.456,-0.5283,-1.8426
6.5213e-07,0.99113,-0.016047,-0.13181,1.4508e-08,162,26,10.451,-0.39394,-1.9055
6.9113e-07,0.99002,-0.0048256,-0.14018,1.4308e-08,162,26,10.45,-0.28752,-1.9261
7.0166e-07,0.98976,0.00013212,-0.1425,1.4205e-08,162,26,10.449,-0.23637,-1.9392
7.1902e-07,0.98852,0.014303,-0.14966,1.4097e-08,162,26,10.447,-0.11287,-1.9432
7.328e-07,0.98831,0.018642,-0.15107,1.4048e-08,162,26,10.447,-0.078788,-1.9456
7.5693e-07,0.98778,0.029593,-0.1523,1.4009e-08,162,26,10.445,0.034924,-1.9334
7.8689e-07,0.98746,0.035618,-0.15355,1.3945e-08,162,26,10.444,0.078788,-1.9329
7.8091e-07,0.98746,0.043054,-0.15152,1.3931e-08,162,26,10.44,0.18421,-1.9251
8.0415e-07,0.98727,0.048266,-0.15131,1.388e-08,162,26,10.439,0.23637,-1.9199
7.733e-07,0.98768,0.050564,-0.14798,1.3913e-08,162,26,10.435,0.3304,-1.9137
8.0631e-07,0.98806,0.052319,-0.14467,1.3893e-08,162,26,10.433,0.39394,-1.8977
7.9053e-07,0.98844,0.049906,-0.14293,1.3927e-08,162,26,10.43,0.46685,-1.8925
8.127e-07,0.98924,0.045115,-0.13896,1.3933e-08,162,26,10.43,0.55152,-1.8661
8.1015e-07,0.98937,0.042342,-0.13881,1.3954e-08,162,26,10.429,0.59336,-1.8613
8.2636e-07,0.99068,0.034418,-0.13178,1.3986e-08,162,26,10.43,0.70689,-1.8193
8.251e-07,0.99069,0.034302,-0.13175,1.3988e-08,162,26,10.43,0.70875,-1.8189
8.2539e-07,0.99069,0.034272,-0.13171,1.3988e-08,162,26,10.43,0.70909,-1.8188
7.4958e-07,0.9913,0.030358,-0.12795,1.4098e-08,162,26,10.43,0.84012,-1.7926
7.7109e-07,0.99156,0.030042,-0.1259,1.4085e-08,162,26,10.43,0.86667,-1.7828
7.3746e-07,0.99183,0.032183,-0.12324,1.4161e-08,162,26,10.429,0.96882,-1.7636
7.3865e-07,0.99245,0.032725,-0.11773,1.4193e-08,162,26,10.43,1.0243,-1.742
6.9965e-07,0.99256,0.035501,-0.11597,1.4267e-08,162,26,10.429,1.0944,-1.7315
6.9606e-07,0.9933,0.036592,-0.10924,1.4352e-08,162,26,10.431,1.1818,-1.6897
6.7493e-07,0.99331,0.036925,-0.10911,1.4375e-08,162,26,10.43,1.2095,-1.6888
6.5755e-07,0.99353,0.036662,-0.10744,1.4426e-08,162,26,10.431,1.2742,-1.6611
5.9429e-07,0.99353,0.03674,-0.10729,1.4499e-08,162,26,10.43,1.3275,-1.6491
5.8366e-07,0.9936,0.03603,-0.10691,1.4516e-08,162,26,10.43,1.3394,-1.6436
3.9508e-07,0.99319,0.033398,-0.11126,1.4617e-08,162,26,10.426,1.4724,-1.6364
3.6038e-07,0.9933,0.031583,-0.11091,1.4671e-08,162,26,10.427,1.497,-1.6177
1.6223e-07,0.99243,0.030546,-0.11866,1.4654e-08,162,26,10.42,1.6342,-1.6407
1.2803e-07,0.99266,0.028584,-0.11732,1.4741e-08,162,26,10.424,1.6545,-1.6038
8.6769e-08,0.9919,0.032731,-0.12268,1.4588e-08,162,26,10.416,1.6946,-1.6611
1.0991e-07,0.99168,0.033204,-0.12415,1.4566e-08,162,26,10.413,1.6818,-1.6885
3.5468e-08,0.99035,0.038445,-0.13307,1.4425e-08,162,26,10.395,1.7183,-1.8193
1.0148e-07,0.98752,0.047231,-0.14886,1.4484e-08,162,26,10.382,1.7378,-1.9028
8.8929e-08,0.98559,0.052269,-0.16058,1.4541e-08,162,26,10.371,1.7615,-1.9775
1.8906e-07,0.98113,0.064102,-0.18118,1.48e-08,162,26,10.357,1.8121,-2.042
2.2112e-07,0.97803,0.075415,-0.18913,1.483e-08,162,26,10.354,1.8627,-2.0283
3.5979e-07,0.97363,0.09287,-0.20515,1.4883e-08,162,26,10.344,1.9697,-2.0464
4.7751e-07,0.96616,0.12669,-0.22459,1.4651e-08,162,26,10.34,2.113,-1.9919
4.7936e-07,0.96608,0.12831,-0.22409,1.4654e-08,162,26,10.34,2.1179,-1.9903
4.8309e-07,0.96653,0.12821,-0.22221,1.465e-08,162,26,10.339,2.1273,-1.9864
4.9179e-07,0.96601,0.13052,-0.22307,1.4646e-08,162,26,10.338,2.1497,-1.9775
5.2949e-07,0.96548,0.14247,-0.21782,1.4812e-08,162,26,10.326,2.275,-1.9396
5.321e-07,0.96483,0.14866,-0.21656,1.4818e-08,162,26,10.325,2.2849,-1.936
5.4454e-07,0.96012,0.16043,-0.22843,1.486e-08,162,26,10.321,2.3411,-1.9156
5.482e-07,0.96095,0.16094,-0.22493,1.4916e-08,162,26,10.317,2.3716,-1.9077
5.2212e-07,0.96364,0.15735,-0.2139,1.4731e-08,162,26,10.31,2.4424,-1.8916
4.3815e-07,0.97447,0.13704,-0.17779,1.4477e-08,162,26,10.299,2.5559,-1.8636
4.2211e-07,0.97594,0.13292,-0.17215,1.4352e-08,162,26,10.293,2.6,-1.8616
4.3399e-07,0.97707,0.13085,-0.16668,1.4195e-08,162,26,10.286,2.6521,-1.8716
3.7054e-07,0.98147,0.12176,-0.14775,1.3848e-08,162,26,10.269,2.7576,-1.8807
4.3879e-07,0.98109,0.12682,-0.14613,1.3723e-08,162,26,10.262,2.8216,-1.8836
4.9493e-07,0.98216,0.12732,-0.13836,1.3468e-08,162,26,10.247,2.9152,-1.9092
5.4086e-07,0.97998,0.13998,-0.1408,1.3447e-08,162,26,10.242,2.9785,-1.8829
6.3143e-07,0.97845,0.15196,-0.13955,1.3316e-08,162,26,10.23,3.0727,-1.8881
6.2731e-07,0.97131,0.17418,-0.15226,1.3445e-08,162,26,10.225,3.1142,-1.8609
7.062e-07,0.96879,0.1934,-0.15252,1.345e-08,162,26,10.211,3.2303,-1.8375
7.0962e-07,0.96206,0.21351,-0.16217,1.3635e-08,162,26,10.203,3.2773,-1.8193
6.8907e-07,0.94981,0.24788,-0.18155,1.3984e-08,162,26,10.191,3.3442,-1.7754
6.8784e-07,0.94649,0.25995,-0.18907,1.4044e-08,162,26,10.186,3.3879,-1.7615
6.8044e-07,0.94982,0.25453,-0.18022,1.4208e-08,162,26,10.178,3.4137,-1.7529
6.1455e-07,0.94469,0.26648,-0.19115,1.4773e-08,162,26,10.158,3.5101,-1.7098
6.137e-07,0.95465,0.24306,-0.17024,1.4771e-08,162,26,10.158,3.5109,-1.7095
5.774e-07,0.96005,0.22813,-0.16197,1.4677e-08,162,26,10.152,3.5455,-1.6981
5.7164e-07,0.96012,0.22882,-0.16061,1.4579e-08,162,26,10.143,3.583,-1.6987
4.8826e-07,0.96339,0.22034,-0.15273,1.4045e-08,162,26,10.116,3.703,-1.6867
4.9876e-07,0.96237,0.22374,-0.15386,1.4062e-08,162,26,10.111,3.728,-1.6861
5.4133e-07,0.95817,0.23717,-0.16009,1.3837e-08,162,26,10.08,3.8606,-1.7004
5.4182e-07,0.95145,0.25299,-0.16967,1.4042e-08,162,26,10.07,3.8936,-1.6941
5.8058e-07,0.93585,0.29484,-0.1924,1.431e-08,162,26,10.042,4.0182,-1.6863
5.7949e-07,0.93634,0.29466,-0.19043,1.4347e-08,162,26,10.04,4.023,-1.6862
5.7547e-07,0.92246,0.32766,-0.20422,1.5178e-08,162,26,9.9997,4.1405,-1.6681
5.6483e-07,0.94394,0.28308,-0.16955,1.5001e-08,162,26,9.9903,4.1717,-1.6662
5.6099e-07,0.94465,0.28136,-0.16873,1.4977e-08,162,26,9.989,4.1758,-1.6665
5.5865e-07,0.94453,0.28197,-0.1684,1.4954e-08,162,26,9.9866,4.1834,-1.6687
4.9308e-07,0.94502,0.28444,-0.16135,1.417e-08,162,26,9.9394,4.3334,-1.6931
5.1157e-07,0.93839,0.29943,-0.16879,1.4299e-08,162,26,9.9275,4.3673,-1.6952
5.5284e-07,0.92055,0.34381,-0.18483,1.4394e-08,162,26,9.8862,4.4909,-1.7189
5.5416e-07,0.91958,0.34839,-0.18086,1.4531e-08,162,26,9.8771,4.5108,-1.7195
5.8094e-07,0.90703,0.37611,-0.18917,1.5101e-08,162,26,9.8409,4.5958,-1.7164
5.8237e-07,0.92423,0.34117,-0.16948,1.497e-08,162,26,9.8349,4.6108,-1.7186
5.6343e-07,0.93318,0.32011,-0.1632,1.4642e-08,162,26,9.8199,4.6485,-1.7284
5.2015e-07,0.93137,0.32809,-0.15781,1.4137e-08,162,26,9.7778,4.7589,-1.7719
5.0008e-07,0.93156,0.32833,-0.15616,1.3818e-08,162,26,9.7602,4.8061,-1.7843
5.6341e-07,0.90411,0.38381,-0.18567,1.4456e-08,162,26,9.7028,4.9428,-1.7983
5.6999e-07,0.90117,0.39006,-0.18877,1.4487e-08,162,26,9.6945,4.9637,-1.8035
5.7186e-07,0.90814,0.37819,-0.17952,1.4582e-08,162,26,9.6864,4.9805,-1.8039
5.7647e-07,0.90755,0.38007,-0.17848,1.4632e-08,162,26,9.6822,4.9893,-1.8042
5.7779e-07,0.90963,0.37512,-0.17755,1.4581e-08,162,26,9.68,4.9943,-1.8056
5.5792e-07,0.91921,0.35389,-0.16952,1.4108e-08,162,26,9.6599,5.0455,-1.8193
5.4703e-07,0.92777,0.33444,-0.16327,1.3737e-08,162,26,9.6437,5.087,-1.827
5.4102e-07,0.93312,0.32341,-0.15711,1.3518e-08,162,26,9.6351,5.1091,-1.8315
5.3081e-07,0.93322,0.32357,-0.1562,1.3453e-08,162,26,9.6303,5.1212,-1.8364
5.3677e-07,0.92983,0.33055,-0.16007,1.3496e-08,162,26,9.6226,5.141,-1.8391
5.4137e-07,0.91283,0.37108,-0.16982,1.3377e-08,162,26,9.5707,5.2788,-1.8705
5.4781e-07,0.91219,0.37413,-0.16655,1.349e-08,162,26,9.5618,5.2969,-1.8712
5.9093e-07,0.89979,0.40029,-0.17343,1.3958e-08,162,26,9.5235,5.3789,-1.8743
5.9751e-07,0.91761,0.36355,-0.1585,1.3778e-08,162,26,9.515,5.3981,-1.8785
5.9122e-07,0.92564,0.34513,-0.1549,1.3463e-08,162,26,9.4993,5.4364,-1.8849
5.4819e-07,0.91761,0.36431,-0.15766,1.3272e-08,162,26,9.4689,5.5164,-1.8996
5.1744e-07,0.91578,0.37058,-0.15368,1.2831e-08,162,26,9.4397,5.594,-1.9094
5.2333e-07,0.90252,0.39636,-0.16707,1.3034e-08,162,26,9.4123,5.6582,-1.913
5.4023e-07,0.88919,0.42251,-0.17547,1.3559e-08,162,26,9.3732,5.7371,-1.9196
5.4666e-07,0.89099,0.41877,-0.17542,1.3749e-08,162,26,9.3651,5.7515,-1.9195
5.468e-07,0.89101,0.41878,-0.17527,1.3753e-08,162,26,9.3647,5.7523,-1.9195
5.4659e-07,0.89129,0.41818,-0.17519,1.3742e-08,162,26,9.3641,5.7538,-1.9197
5.4029e-07,0.91264,0.37694,-0.15804,1.3285e-08,162,26,9.343,5.801,-1.9278
4.6677e-07,0.91146,0.3828,-0.15068,1.2693e-08,162,26,9.2984,5.9091,-1.9425
4.5642e-07,0.88582,0.42711,-0.17913,1.3159e-08,162,26,9.2381,6.0398,-1.9505
4.4505e-07,0.88273,0.43348,-0.18076,1.3159e-08,162,26,9.2269,6.0667,-1.9521
4.4409e-07,0.88622,0.42876,-0.17513,1.3281e-08,162,26,9.2133,6.0916,-1.9535
4.4562e-07,0.88512,0.43157,-0.1738,1.3351e-08,162,26,9.206,6.1058,-1.9524
4.4421e-07,0.88797,0.42528,-0.17402,1.3277e-08,162,26,9.2013,6.1159,-1.9529
3.9549e-07,0.90569,0.39096,-0.16389,1.2503e-08,162,26,9.1531,6.2243,-1.9576
3.4424e-07,0.88737,0.42424,-0.17937,1.255e-08,162,26,9.097,6.3564,-1.9519
3.2541e-07,0.88581,0.42779,-0.17931,1.2474e-08,162,26,9.0873,6.3818,-1.9484
3.3051e-07,0.88475,0.43266,-0.17266,1.2629e-08,162,26,9.0618,6.4317,-1.9419
3.2391e-07,0.8803,0.44135,-0.17379,1.2751e-08,162,26,9.0473,6.4642,-1.9309
3.2151e-07,0.88797,0.42669,-0.17018,1.2683e-08,162,26,9.0427,6.4747,-1.9291
3.0327e-07,0.89878,0.40364,-0.17056,1.226e-08,162,26,9.0143,6.5394,-1.9207
2.5181e-07,0.89531,0.41128,-0.16986,1.223e-08,162,26,8.9839,6.6189,-1.899
1.9718e-07,0.89423,0.41649,-0.16344,1.192e-08,162,26,8.9585,6.697,-1.8567
1.971e-07,0.89427,0.41762,-0.16053,1.1976e-08,162,26,8.9497,6.716,-1.8514
1.7441e-07,0.89131,0.42395,-0.16027,1.2196e-08,162,26,8.9309,6.7671,-1.8193
1.0843e-07,0.88809,0.43251,-0.15522,1.2524e-08,162,26,8.9025,6.8541,-1.7463
1.0804e-07,0.89156,0.4271,-0.15051,1.2529e-08,162,26,8.9024,6.8546,-1.7458
5.7009e-08,0.89642,0.42093,-0.13841,1.2757e-08,162,26,8.8886,6.9008,-1.6939
2.0301e-08,0.90115,0.4118,-0.1346,1.2676e-08,162,26,8.8779,6.9383,-1.6611
2.554e-07,0.83615,0.51623,-0.18484,1.1914e-08,162,27,7.9362,8.285,-2.2993
2.5359e-07,0.83939,0.51404,-0.17587,1.1821e-08,162,27,7.9328,8.2951,-2.2939
2.4657e-07,0.77395,0.59288,-0.21567,1.1825e-08,162,27,7.9459,8.2757,-2.2939
2.1245e-07,0.85361,0.50778,-0.11581,1.0612e-08,162,27,7.8841,8.4303,-2.2263
2.4167e-07,0.75766,0.61286,-0.22434,1.1791e-08,162,27,7.9493,8.2728,-2.2906
2.1975e-07,0.68777,0.65916,-0.11368,1.0821e-08,162,27,7.8541,8.4685,-2.1936
1.3802e-07,0.77863,0.59399,-0.20124,1.0976e-08,162,27,8.0189,8.2138,-2.1949
3.3101e-07,0.41659,0.89999,-0.12617,1.157e-08,162,27,7.7775,8.5574,-2.2149
1.2127e-07,0.76917,0.60364,-0.20951,1.0946e-08,162,27,8.0648,8.1605,-2.1681
3.3101e-07,0.4308,0.88845,-0.15771,1.157e-08,162,27,7.698,8.5574,-2.2149
1.0221e-07,0.76737,0.60749,-0.20508,1.0818e-08,162,27,8.0949,8.1284,-2.1462
3.3101e-07,0.43961,0.88835,-0.1257,1.157e-08,162,27,7.6188,8.5574,-2.2149
9.1239e-08,0.75993,0.61381,-0.2138,1.0729e-08,162,27,8.1069,8.1181,-2.1357
3.3809e-07,0.68376,0.60666,-0.15243,1.1555e-08,162,27,7.6158,8.5609,-2.2161
3.3575e-07,0.94054,0.32089,-0.10601,1.1485e-08,162,27,7.5971,8.5879,-2.207
3.3575e-07,0.92805,0.34732,-0.13073,1.1485e-08,162,27,7.5971,8.659,-2.207
3.3575e-07,0.94233,0.31176,-0.10047,1.1485e-08,162,27,7.5971,8.7455,-2.207
4.0782e-07,0.88495,0.44535,-0.12826,1.194e-08,162,27,7.5158,8.859,-2.1799
4.2073e-07,0.78074,0.55669,-0.13001,1.2412e-08,162,27,7.4854,8.9001,-2.1671
4.2558e-07,0.7869,0.50972,-0.25774,1.2653e-08,162,27,7.4817,8.9031,-2.17
4.2558e-07,0.84164,0.36655,-0.2619,1.2653e-08,162,27,7.4817,9,-2.17
3.3127e-07,0.97459,-0.14839,-0.16767,1.3773e-08,163,28,10.363,-2.3127,-1.8193
2.8918e-07,0.97518,-0.14623,-0.16626,1.3786e-08,163,28,10.367,-2.2849,-1.8248
4.9608e-07,0.97216,-0.15735,-0.17347,1.3714e-08,163,28,10.349,-2.4424,-1.7874
2.7944e-07,0.97531,-0.1455,-0.16614,1.3785e-08,163,28,10.368,-2.2777,-1.8264
5.582e-07,0.9711,-0.16101,-0.1762,1.3692e-08,163,28,10.344,-2.4794,-1.7821
2.5975e-07,0.97542,-0.14529,-0.16562,1.379e-08,163,28,10.369,-2.2777,-1.8193
5.6398e-07,0.97281,-0.15757,-0.16928,1.373e-08,163,28,10.333,-2.6,-1.7289
1.7133e-07,0.97585,-0.14443,-0.16379,1.3806e-08,163,28,10.373,-2.2849,-1.7879
5.6963e-07,0.9762,-0.15007,-0.15638,1.378e-08,163,28,10.319,-2.7471,-1.6656
5.7589e-07,0.96521,-0.18689,-0.18272,1.3783e-08,163,28,10.318,-2.7576,-1.6612
5.7575e-07,0.96557,-0.18605,-0.18145,1.3783e-08,163,28,10.318,-2.7578,-1.6611
5.676e-07,0.97762,-0.1537,-0.14367,1.3798e-08,163,28,10.317,-2.7666,-1.6563
4.3807e-07,0.97949,-0.15347,-0.1295,1.3487e-08,163,28,10.308,-2.9098,-1.5804
4.398e-07,0.98283,-0.1459,-0.1128,1.3471e-08,163,28,10.307,-2.9152,-1.578
3.3634e-07,0.97841,-0.17433,-0.11088,1.3224e-08,163,28,10.292,-3.066,-1.5029
3.2749e-07,0.97826,-0.17541,-0.11061,1.3223e-08,163,28,10.292,-3.0727,-1.4972
3.1406e-07,0.97744,-0.17966,-0.11034,1.3218e-08,163,28,10.29,-3.0903,-1.4852
1.6483e-07,0.96884,-0.21988,-0.11308,1.3234e-08,163,28,10.271,-3.2303,-1.3997
1.1495e-07,0.95807,-0.25868,-0.11843,1.3313e-08,163,28,10.251,-3.3369,-1.3447
7.2007e-08,0.95549,-0.27124,-0.11489,1.3386e-08,163,28,10.246,-3.3879,-1.2782
4.93e-08,0.9483,-0.29391,-0.11018,1.3647e-08,163,28,10.237,-3.4509,-1.1865
3.2399e-08,0.94979,-0.29464,-0.10078,1.3691e-08,163,28,10.238,-3.4834,-1.0906
6.8265e-08,0.99631,-0.016549,-0.083883,1.5653e-08,164,29,10.606,-1.2566,-0.71189
1.8991e-07,0.99668,-0.014914,-0.079747,1.5519e-08,164,29,10.611,-1.245,-0.64846
3.164e-07,0.997,-0.0089034,-0.076648,1.5506e-08,164,29,10.615,-1.1818,-0.61651
3.9592e-07,0.99715,-0.0074084,-0.07494,1.5469e-08,164,29,10.616,-1.1386,-0.59708
4.5853e-07,0.99735,-0.0040981,-0.072523,1.5512e-08,164,29,10.618,-1.0243,-0.5814
4.7676e-07,0.99739,-0.0041475,-0.07199,1.5502e-08,164,29,10.619,-1.0018,-0.57624
4.4067e-07,0.99755,-0.0055091,-0.069775,1.5543e-08,164,29,10.621,-0.86667,-0.55722
4.4039e-07,0.99755,-0.005563,-0.069785,1.5542e-08,164,29,10.621,-0.86303,-0.55735
4.2796e-07,0.99756,-0.0058493,-0.069601,1.5542e-08,164,29,10.621,-0.85203,-0.55369
2.9333e-07,0.99766,-0.0086309,-0.067625,1.5534e-08,164,29,10.624,-0.74441,-0.51823
2.3165e-07,0.99777,-0.01008,-0.065776,1.5517e-08,164,29,10.627,-0.70909,-0.47287
1.8105e-07,0.99785,-0.01012,-0.064574,1.5478e-08,164,29,10.63,-0.65905,-0.44573
1.6587e-07,0.99796,-0.0096844,-0.063131,1.5441e-08,164,29,10.634,-0.60504,-0.39549
1.6891e-07,0.99766,-0.011024,-0.067172,1.5425e-08,164,29,10.634,-0.59693,-0.3853
1.7032e-07,0.99676,-0.012301,-0.079451,1.5423e-08,164,29,10.634,-0.59456,-0.38327
2.072e-07,0.99643,-0.012833,-0.08335,1.5124e-08,164,29,10.64,-0.55152,-0.32933
2.6825e-07,0.99585,-0.0061717,-0.090315,1.5007e-08,164,29,10.642,-0.46614,-0.32301
3.5036e-07,0.99592,0.088425,-0.017183,1.4738e-08,164,30,10.455,2.4303,-0.55369
3.3263e-07,0.99597,0.087531,-0.018983,1.4667e-08,164,30,10.453,2.4424,-0.57661
3.5704e-07,0.99551,0.092263,-0.017298,1.4836e-08,164,30,10.456,2.4176,-0.52873
1.9322e-07,0.99616,0.078965,-0.036672,1.4416e-08,164,30,10.442,2.5456,-0.71189
3.7654e-07,0.99359,0.11066,-0.017356,1.5414e-08,164,30,10.467,2.3308,-0.39549
3.697e-07,0.99109,0.13118,-0.020701,1.5827e-08,164,30,10.474,2.2849,-0.30974
3.7074e-07,0.98772,0.15302,-0.026309,1.5922e-08,164,30,10.476,2.2746,-0.29611
3.7121e-07,0.98132,0.18897,-0.034255,1.5926e-08,164,30,10.476,2.2742,-0.29544
4.1169e-07,0.98147,0.1872,-0.037686,1.5803e-08,164,30,10.487,2.2327,-0.2373
4.2851e-07,0.98195,0.18321,-0.040856,1.5647e-08,164,30,10.499,2.186,-0.17833
5.536e-07,0.98711,0.1558,-0.035577,1.533e-08,164,30,10.515,2.1273,-0.12288
5.7876e-07,0.99492,0.090524,-0.0359,1.5084e-08,164,30,10.532,1.9857,-0.095122
5.8301e-07,0.99598,0.081979,-0.035919,1.5056e-08,164,30,10.533,1.9697,-0.091852
5.1003e-07,0.99762,0.055729,-0.039282,1.496e-08,164,30,10.54,1.833,-0.10007
4.9616e-07,0.99788,0.051122,-0.039942,1.4954e-08,164,30,10.541,1.8121,-0.10573
4.4586e-07,0.99756,0.054439,-0.043573,1.4907e-08,164,30,10.547,1.687,-0.11167
4.238e-07,0.99744,0.054938,-0.045388,1.4909e-08,164,30,10.548,1.6545,-0.12013
4.1051e-07,0.9969,0.063012,-0.046454,1.4883e-08,164,30,10.556,1.531,-0.11325
4.0024e-07,0.99667,0.065866,-0.047624,1.4887e-08,164,30,10.558,1.497,-0.11557
4.307e-07,0.99655,0.06931,-0.045355,1.4853e-08,164,30,10.569,1.3606,-0.10043
4.3355e-07,0.9965,0.070308,-0.045003,1.4852e-08,164,30,10.571,1.3394,-0.097665
4.7449e-07,0.99687,0.066701,-0.0421,1.4841e-08,164,30,10.581,1.1941,-0.09144
4.8033e-07,0.99692,0.066431,-0.041628,1.4838e-08,164,30,10.582,1.1818,-0.089612
5.195e-07,0.99733,0.060412,-0.040754,1.482e-08,164,30,10.59,1.0404,-0.095342
5.2694e-07,0.99741,0.05953,-0.040227,1.4815e-08,164,30,10.592,1.0243,-0.093597
5.4225e-07,0.99752,0.056404,-0.04168,1.4812e-08,164,30,10.598,0.89985,-0.11241
5.5391e-07,0.99762,0.05515,-0.041154,1.4801e-08,164,30,10.6,0.86667,-0.11135
5.6404e-07,0.99761,0.05392,-0.042937,1.4821e-08,164,30,10.604,0.76338,-0.1336
5.7154e-07,0.99766,0.053039,-0.042933,1.4818e-08,164,30,10.607,0.70909,-0.13607
5.7902e-07,0.99769,0.051594,-0.044052,1.4848e-08,164,30,10.61,0.62972,-0.15761
5.7517e-07,0.9977,0.050543,-0.044969,1.4871e-08,164,30,10.614,0.55152,-0.1707
5.7162e-07,0.99771,0.049414,-0.046095,1.4893e-08,164,30,10.615,0.50393,-0.18952
5.9322e-07,0.99778,0.046708,-0.047278,1.4913e-08,164,30,10.62,0.39394,-0.20904
5.8213e-07,0.9978,0.046025,-0.047542,1.4927e-08,164,30,10.62,0.37296,-0.21623
5.7952e-07,0.9978,0.044141,-0.049442,1.4962e-08,164,30,10.623,0.29441,-0.2373
5.5956e-07,0.99779,0.043046,-0.050554,1.4995e-08,164,30,10.623,0.25744,-0.25846
5.5558e-07,0.99778,0.042428,-0.051149,1.5007e-08,164,30,10.624,0.23637,-0.26558
4.8179e-07,0.99775,0.040393,-0.053394,1.5099e-08,164,30,10.625,0.15501,-0.31382
4.8954e-07,0.99763,0.039415,-0.056195,1.512e-08,164,30,10.626,0.078788,-0.34293
4.935e-07,0.99773,0.034839,-0.057584,1.5147e-08,164,30,10.63,-0.058854,-0.37548
4.8411e-07,0.99758,0.035352,-0.059725,1.5158e-08,164,30,10.63,-0.078788,-0.38084
4.2443e-07,0.99728,0.029124,-0.067545,1.5202e-08,164,30,10.634,-0.20344,-0.38609
4.1006e-07,0.99746,0.023356,-0.067046,1.5213e-08,164,30,10.634,-0.23637,-0.3884
3.931e-07,0.99709,0.02369,-0.07206,1.5225e-08,164,30,10.634,-0.25571,-0.38658
3.485e-07,0.99679,0.01272,-0.07893,1.5207e-08,164,30,10.636,-0.30652,-0.38072
2.9155e-07,0.99572,0.0051682,-0.091842,1.5182e-08,164,30,10.637,-0.37138,-0.37284
2.8174e-07,0.99582,0.0022581,-0.091169,1.51e-08,164,30,10.639,-0.39394,-0.35337
2.6825e-07,0.99585,-0.0061717,-0.090315,1.5007e-08,164,30,10.642,-0.46614,-0.32301
3.415e-07,0.78523,0.61896,0.016284,1.4159e-08,162,31,8.118,8.2512,-0.2373
3.3779e-07,0.7868,0.617,0.015811,1.4197e-08,162,31,8.1012,8.2728,-0.24403
3.6986e-07,0.77532,0.63128,0.018883,1.3869e-08,162,31,8.2233,8.1152,-0.19148
3.3775e-07,0.78759,0.61598,0.015724,1.4197e-08,162,31,8.1008,8.2732,-0.24412
3.7159e-07,0.76917,0.63862,0.021205,1.3962e-08,162,31,8.2425,8.0922,-0.1841
3.3686e-07,0.80383,0.59465,0.016046,1.419e-08,162,31,8.0949,8.2808,-0.2455
3.7279e-07,0.76603,0.64243,0.021982,1.402e-08,162,31,8.2537,8.0786,-0.18247
3.218e-07,0.79759,0.60309,0.011415,1.3056e-08,162,31,7.9991,8.4172,-0.25142
3.8668e-07,0.7657,0.64278,0.023031,1.3893e-08,162,31,8.2931,8.0316,-0.17435
3.227e-07,0.79708,0.60377,0.010999,1.2946e-08,162,31,7.9899,8.4303,-0.25326
4.1089e-07,0.76521,0.64327,0.025412,1.3694e-08,162,31,8.3551,7.9576,-0.15282
3.1956e-07,0.79761,0.60307,0.010968,1.2946e-08,162,31,7.9849,8.4364,-0.25139
4.067e-07,0.76775,0.64019,0.026701,1.3864e-08,162,31,8.3762,7.932,-0.14141
3.0153e-07,0.80294,0.59593,0.010593,1.2934e-08,162,31,7.9535,8.4748,-0.2373
3.9907e-07,0.77122,0.63587,0.029527,1.415e-08,162,31,8.4124,7.8871,-0.12156
2.9094e-07,0.80542,0.5926,0.01069,1.2928e-08,162,31,7.9392,8.4922,-0.2279
4.028e-07,0.78498,0.61866,0.032138,1.3923e-08,162,31,8.4776,7.8063,-0.079099
2.8931e-07,0.80593,0.59191,0.010748,1.2926e-08,162,31,7.9362,8.4958,-0.22577
4.019e-07,0.78607,0.61728,0.03244,1.3905e-08,162,31,8.4827,7.8,-0.075133
2.8018e-07,0.83435,0.53912,0.010166,1.2541e-08,162,31,7.9228,8.5161,-0.20288
3.7398e-07,0.79384,0.60688,0.038247,1.4441e-08,162,31,8.5331,7.7286,-0.015788
2.4496e-07,0.93608,0.35167,0.0063713,1.1199e-08,162,31,7.8745,8.5879,-0.15316
3.6691e-07,0.79881,0.59984,0.045542,1.4826e-08,162,31,8.5711,7.6739,0.020549
2.2717e-07,0.93034,0.36586,0.0056153,1.0364e-08,162,31,7.8661,8.6504,-0.14185
3.6023e-07,0.80942,0.58527,0.04617,1.4762e-08,162,31,8.5867,7.6526,0.037315
2.1835e-07,0.92597,0.37685,0.010288,9.7873e-09,162,31,7.8604,8.6941,-0.079099
3.5517e-07,0.81461,0.57811,0.046724,1.4733e-08,162,31,8.5941,7.6425,0.045092
2.1316e-07,0.922,0.38677,0.010858,9.2909e-09,162,31,7.8552,8.7317,-0.065231
3.5708e-07,0.82255,0.56616,0.046122,1.4665e-08,162,31,8.618,7.6026,0.079099
2.1277e-07,0.92053,0.39055,0.010339,9.1304e-09,162,31,7.8533,8.7455,-0.061119
3.8987e-07,0.8456,0.53199,0.043801,1.4221e-08,162,31,8.6892,7.4849,0.17443
1.8432e-07,0.615,0.71044,0.010424,9.5743e-09,162,31,7.8046,8.8054,-0.020263
3.955e-07,0.84566,0.53181,0.044546,1.432e-08,162,31,8.6987,7.4678,0.19186
1.6198e-07,0.43384,0.90092,0.011032,9.8067e-09,162,31,7.7775,8.8392,-0.012087
3.9575e-07,0.84721,0.52917,0.047075,1.4695e-08,162,31,8.7298,7.4136,0.22866
1.6198e-07,0.44995,0.89284,0.012584,9.8067e-09,162,31,7.686,8.8392,-0.012087
3.9537e-07,0.85172,0.52147,0.046769,1.4596e-08,162,31,8.7385,7.3994,0.2373
1.6198e-07,0.46334,0.88611,0.010568,9.8067e-09,162,31,7.6188,8.8392,-0.012087
3.8457e-07,0.87487,0.48192,0.047682,1.4105e-08,162,31,8.7816,7.3273,0.28958
1.549e-07,0.74739,0.54572,0.0092586,9.2335e-09,162,31,7.5925,8.8769,0.012665
4.2328e-07,0.90192,0.42881,0.048742,1.4196e-08,162,31,8.8457,7.1789,0.39549
1.4925e-07,0.9538,0.30039,0.005035,8.844e-09,162,31,7.5739,8.9031,0.018443
4.2691e-07,0.90372,0.42533,0.0488,1.4189e-08,162,31,8.8496,7.1697,0.40159
1.4925e-07,0.95165,0.30693,0.0055921,8.844e-09,162,31,7.5739,8.9635,0.018443
4.1604e-07,0.89524,0.4418,0.057187,1.4653e-08,162,31,8.8746,7.1115,0.44113
1.4925e-07,0.9502,0.31143,0.0046226,8.844e-09,162,31,7.5739,9,0.018443
4.1443e-07,0.89115,0.44924,0.062542,1.4885e-08,162,31,8.8886,7.0793,0.45867
4.1007e-07,0.89682,0.43792,0.061666,1.467e-08,162,31,8.9036,7.0496,0.47556
4.0414e-07,0.9035,0.42398,0.061239,1.4399e-08,162,31,8.9218,7.0122,0.49697
4.3046e-07,0.91874,0.38861,0.061078,1.4081e-08,162,31,8.9591,6.9117,0.55369
4.4004e-07,0.92823,0.36691,0.060704,1.3859e-08,162,31,8.9803,6.8546,0.58562
4.7541e-07,0.9265,0.37075,0.0635,1.4167e-08,162,31,9.0033,6.7878,0.62073
5.0904e-07,0.92281,0.37881,0.069966,1.4657e-08,162,31,9.0342,6.697,0.67774
5.0978e-07,0.92018,0.38468,0.071211,1.4671e-08,162,31,9.0349,6.6952,0.67858
5.1091e-07,0.90772,0.41195,0.079338,1.4911e-08,162,31,9.0473,6.665,0.68798
5.2832e-07,0.91384,0.39851,0.076822,1.4351e-08,162,31,9.0805,6.5902,0.71189
5.2867e-07,0.9176,0.39005,0.076018,1.3993e-08,162,31,9.1027,6.5394,0.72977
5.2345e-07,0.91894,0.38676,0.076834,1.3978e-08,162,31,9.1142,6.5062,0.74526
5.1966e-07,0.91945,0.38405,0.083664,1.4029e-08,162,31,9.1558,6.3818,0.81406
4.9436e-07,0.9129,0.39674,0.090885,1.4227e-08,162,31,9.1655,6.3583,0.82863
4.6372e-07,0.90299,0.41468,0.10894,1.4676e-08,162,31,9.1896,6.2933,0.87008
4.5288e-07,0.8987,0.42246,0.11695,1.4929e-08,162,31,9.2043,6.2481,0.9075
4.5182e-07,0.89272,0.43368,0.12202,1.4989e-08,162,31,9.206,6.243,0.91164
4.4455e-07,0.88637,0.44539,0.12612,1.4886e-08,162,31,9.2133,6.2243,0.92987
4.3769e-07,0.89672,0.42443,0.12444,1.4159e-08,162,31,9.2662,6.0995,0.99536
4.4029e-07,0.90036,0.41702,0.12424,1.4013e-08,162,31,9.2792,6.0667,1.0143
4.53e-07,0.89971,0.41754,0.12714,1.4216e-08,162,31,9.2932,6.0298,1.0283
4.6659e-07,0.89948,0.41598,0.13369,1.4736e-08,162,31,9.3364,5.9091,1.0821
4.4961e-07,0.88506,0.44231,0.14192,1.4972e-08,162,31,9.3478,5.885,1.0893
4.3705e-07,0.87635,0.45587,0.15511,1.5296e-08,162,31,9.3647,5.8436,1.1064
4.1009e-07,0.87417,0.45746,0.16252,1.5039e-08,162,31,9.3892,5.7912,1.1334
3.8156e-07,0.87542,0.45365,0.16664,1.484e-08,162,31,9.4075,5.7515,1.1532
4.4514e-07,0.89135,0.42439,0.15916,1.4904e-08,162,31,9.4716,5.6043,1.1761
4.5082e-07,0.89197,0.42301,0.15948,1.4945e-08,162,31,9.4756,5.594,1.1797
4.5115e-07,0.89117,0.42441,0.15996,1.496e-08,162,31,9.4764,5.5923,1.1801
4.5316e-07,0.88579,0.43212,0.16787,1.52e-08,162,31,9.4891,5.5639,1.1865
4.6052e-07,0.87356,0.44977,0.18557,1.5867e-08,162,31,9.5225,5.4843,1.2111
4.6099e-07,0.87,0.45512,0.18957,1.5902e-08,162,31,9.5235,5.4821,1.2117
4.4569e-07,0.86731,0.45908,0.1923,1.5704e-08,162,31,9.5446,5.4364,1.2325
4.3339e-07,0.87426,0.44793,0.18626,1.5347e-08,162,31,9.572,5.3812,1.2419
4.8496e-07,0.89144,0.4182,0.17403,1.5087e-08,162,31,9.6161,5.2788,1.2618
5.4176e-07,0.89533,0.41023,0.17331,1.5487e-08,162,31,9.6497,5.1985,1.2671
5.5841e-07,0.88726,0.42236,0.18447,1.59e-08,162,31,9.6742,5.1384,1.2825
5.6654e-07,0.87151,0.44606,0.20337,1.6133e-08,162,31,9.6814,5.1212,1.286
5.6667e-07,0.87041,0.44808,0.20395,1.6145e-08,162,31,9.6822,5.1195,1.2863
5.6024e-07,0.87235,0.44469,0.20261,1.6027e-08,162,31,9.6894,5.1047,1.2888
5.1138e-07,0.88746,0.42161,0.18525,1.5113e-08,162,31,9.7406,5.0003,1.3079
5.1866e-07,0.89588,0.40659,0.17813,1.4919e-08,162,31,9.7557,4.9637,1.3148
5.898e-07,0.91443,0.37001,0.16382,1.5075e-08,162,31,9.8105,4.8106,1.3447
5.9185e-07,0.91506,0.36876,0.16333,1.5077e-08,162,31,9.8121,4.8061,1.3458
5.7651e-07,0.89612,0.40397,0.18323,1.5378e-08,162,31,9.8335,4.7462,1.3654
5.8049e-07,0.8938,0.40755,0.18699,1.5468e-08,162,31,9.8409,4.725,1.3709
5.7955e-07,0.89136,0.41181,0.18894,1.5448e-08,162,31,9.8422,4.7222,1.3714
5.4499e-07,0.89603,0.40144,0.18794,1.4872e-08,162,31,9.8742,4.6485,1.392
5.0888e-07,0.91615,0.36075,0.17036,1.4453e-08,162,31,9.898,4.5807,1.4127
4.9653e-07,0.93826,0.31003,0.1522,1.4143e-08,162,31,9.9232,4.4909,1.4459
5.3146e-07,0.94887,0.28119,0.14328,1.4109e-08,162,31,9.9549,4.3695,1.4666
5.2816e-07,0.94811,0.28192,0.14673,1.4194e-08,162,31,9.9639,4.3334,1.4772
5.2748e-07,0.94602,0.28625,0.15026,1.4244e-08,162,31,9.9664,4.3255,1.4776
5.3848e-07,0.93189,0.31691,0.17644,1.4822e-08,162,31,9.9997,4.2066,1.4892
5.3498e-07,0.91998,0.34061,0.19383,1.4684e-08,162,31,10.009,4.1835,1.4916
5.3208e-07,0.92012,0.3399,0.19439,1.4636e-08,162,31,10.011,4.1758,1.4925
5.145e-07,0.93072,0.31282,0.18402,1.4424e-08,162,31,10.027,4.1213,1.5029
4.8323e-07,0.94894,0.26605,0.1682,1.4008e-08,162,31,10.055,4.0182,1.5309
4.718e-07,0.95432,0.25038,0.16228,1.3972e-08,162,31,10.063,3.9843,1.5369
4.2738e-07,0.95918,0.22995,0.16455,1.411e-08,162,31,10.092,3.8606,1.5331
4.2313e-07,0.95836,0.23157,0.16704,1.4163e-08,162,31,10.098,3.8401,1.5234
4.4376e-07,0.95415,0.2412,0.1757,1.4337e-08,162,31,10.108,3.8176,1.5029
4.9625e-07,0.94283,0.2667,0.19977,1.4784e-08,162,31,10.135,3.7399,1.4658
5.3658e-07,0.93588,0.28024,0.21161,1.4956e-08,162,31,10.144,3.7182,1.4556
5.6686e-07,0.92486,0.29933,0.23138,1.5097e-08,162,31,10.15,3.703,1.4476
5.97e-07,0.91695,0.31431,0.24548,1.5223e-08,162,31,10.158,3.6758,1.4461
5.7779e-07,0.91816,0.31227,0.2434,1.4995e-08,162,31,10.172,3.6393,1.4486
5.5178e-07,0.92246,0.30652,0.23446,1.4704e-08,162,31,10.187,3.595,1.4531
5.214e-07,0.938,0.27038,0.20857,1.4481e-08,162,31,10.201,3.5455,1.4539
3.6208e-07,0.96861,0.19387,0.15128,1.405e-08,162,31,10.227,3.3979,1.5029
3.5569e-07,0.97056,0.18909,0.14784,1.4019e-08,162,31,10.229,3.3879,1.507
3.493e-07,0.9717,0.18589,0.14573,1.4007e-08,162,31,10.23,3.3811,1.5097
3.3516e-07,0.97342,0.17959,0.1404,1.401e-08,162,31,10.233,3.365,1.5029
2.6054e-07,0.98452,0.13815,0.10785,1.4008e-08,162,31,10.252,3.2545,1.4786
2.7018e-07,0.98447,0.13909,0.10697,1.4058e-08,162,31,10.257,3.2303,1.4601
3.2225e-07,0.98416,0.14081,0.10733,1.4241e-08,162,31,10.271,3.1726,1.4026
3.7356e-07,0.97958,0.1599,0.12016,1.4569e-08,162,31,10.284,3.1337,1.3447
3.9699e-07,0.9767,0.17064,0.13001,1.4767e-08,162,31,10.292,3.096,1.3213
4.3636e-07,0.97362,0.18072,0.13794,1.5005e-08,162,31,10.3,3.0727,1.2992
4.371e-07,0.97207,0.18275,0.14448,1.5007e-08,162,31,10.3,3.0722,1.2991
5.6091e-07,0.96284,0.20713,0.1732,1.543e-08,162,31,10.317,3.0052,1.2664
5.7172e-07,0.95753,0.21734,0.18883,1.5375e-08,162,31,10.32,2.9945,1.2641
6.1201e-07,0.958,0.21295,0.19137,1.4939e-08,162,31,10.339,2.9152,1.2713
6.2514e-07,0.9668,0.17782,0.18336,1.4266e-08,162,31,10.357,2.7685,1.3338
6.1745e-07,0.96759,0.17469,0.18201,1.4232e-08,162,31,10.358,2.7576,1.3385
6.1111e-07,0.96775,0.17387,0.182,1.4192e-08,162,31,10.358,2.7474,1.3447
5.7423e-07,0.96829,0.16092,0.18837,1.3662e-08,162,31,10.365,2.6,1.4366
5.3646e-07,0.9695,0.15677,0.18754,1.3164e-08,162,31,10.372,2.4834,1.5029
5.128e-07,0.96942,0.15557,0.18813,1.3035e-08,162,31,10.373,2.4424,1.5265
4.7057e-07,0.97018,0.1528,0.18772,1.2877e-08,162,31,10.376,2.3913,1.5542
3.3691e-07,0.97171,0.14572,0.18412,1.2604e-08,162,31,10.387,2.2849,1.5838
1.9137e-07,0.97655,0.12698,0.17352,1.2428e-08,162,31,10.397,2.182,1.6062
1.0831e-07,0.98134,0.11196,0.15577,1.2336e-08,162,31,10.416,2.1273,1.5319
9.2769e-08,0.98253,0.10816,0.15134,1.2325e-08,162,31,10.421,2.1163,1.5139
9.4756e-08,0.983,0.1065,0.14921,1.233e-08,162,31,10.423,2.1123,1.5029
3.4951e-08,0.98736,0.088803,0.13069,1.2545e-08,162,31,10.44,2.0542,1.4181
1.9002e-07,0.95568,-0.1976,0.2182,1.5216e-08,168,32,10.291,-2.7862,1.9488
2.4883e-07,0.95483,-0.19959,0.22011,1.5367e-08,168,32,10.296,-2.7576,1.9507
1.9703e-07,0.95333,-0.20266,0.22349,1.5336e-08,168,32,10.283,-2.793,1.9775
3.7322e-07,0.95231,-0.20629,0.22464,1.5754e-08,168,32,10.304,-2.6903,1.9775
3.0204e-07,0.95081,-0.20911,0.22789,1.5554e-08,168,32,10.261,-2.8206,2.0407
4.5758e-07,0.95389,-0.19943,0.22431,1.6057e-08,168,32,10.311,-2.6342,1.9946
2.9281e-07,0.94505,-0.22267,0.23932,1.5874e-08,168,32,10.229,-2.8621,2.1357
5.0972e-07,0.95357,-0.19921,0.22588,1.6235e-08,168,32,10.316,-2.6,2.0049
4.75e-07,0.94226,-0.22794,0.2451,1.5873e-08,168,32,10.207,-2.9152,2.1688
5.4505e-07,0.9531,-0.19881,0.22816,1.6364e-08,168,32,10.317,-2.5715,2.0242
6.1375e-07,0.93355,-0.24062,0.26566,1.5171e-08,168,32,10.176,-3.0635,2.1449
6.0605e-07,0.95343,-0.19593,0.22914,1.6455e-08,168,32,10.32,-2.5276,2.0508
6.0854e-07,0.93328,-0.2411,0.26616,1.5163e-08,168,32,10.176,-3.0675,2.144
6.082e-07,0.95632,-0.18295,0.22749,1.6458e-08,168,32,10.32,-2.5261,2.0517
6.0183e-07,0.93343,-0.24041,0.26629,1.5152e-08,168,32,10.174,-3.0727,2.1428
6.4327e-07,0.95917,-0.16607,0.2284,1.6814e-08,168,32,10.323,-2.4424,2.1113
5.0356e-07,0.93145,-0.24205,0.27169,1.489e-08,168,32,10.158,-3.137,2.1414
6.021e-07,0.95929,-0.16318,0.2297,1.6844e-08,168,32,10.324,-2.4236,2.1167
4.3714e-07,0.9347,-0.23608,0.26545,1.4516e-08,168,32,10.15,-3.1796,2.1357
6.6377e-07,0.95936,-0.15878,0.23243,1.6891e-08,168,32,10.322,-2.4105,2.1357
3.4799e-07,0.93893,-0.22886,0.25692,1.4075e-08,168,32,10.14,-3.2303,2.1255
6.418e-07,0.96356,-0.13232,0.23238,1.716e-08,168,32,10.321,-2.2849,2.219
3.1706e-07,0.93972,-0.22847,0.25434,1.3947e-08,168,32,10.138,-3.2461,2.1198
6.665e-07,0.96427,-0.11089,0.24049,1.7138e-08,168,32,10.32,-2.1711,2.2744
2.983e-07,0.93573,-0.23609,0.26149,1.3778e-08,168,32,10.126,-3.2767,2.1357
6.7776e-07,0.96309,-0.099678,0.24999,1.711e-08,168,32,10.32,-2.1305,2.2939
2.1842e-07,0.92413,-0.26175,0.27814,1.321e-08,168,32,10.088,-3.3879,2.1739
6.747e-07,0.96301,-0.098208,0.25094,1.7113e-08,168,32,10.32,-2.1273,2.2957
2.0988e-07,0.92162,-0.26443,0.28311,1.3e-08,168,32,10.079,-3.42,2.1679
6.2697e-07,0.96373,-0.093398,0.24985,1.7073e-08,168,32,10.32,-2.087,2.3103
2.1028e-07,0.91155,-0.29067,0.29056,1.2372e-08,168,32,10.043,-3.5455,2.1674
4.7458e-07,0.96592,-0.078561,0.24664,1.6966e-08,168,32,10.319,-1.9697,2.3527
2.1008e-07,0.91334,-0.28889,0.28692,1.2371e-08,168,32,10.043,-3.5456,2.1674
4.1451e-07,0.96807,-0.064802,0.24211,1.6694e-08,168,32,10.321,-1.8429,2.3807
1.5621e-07,0.91049,-0.30528,0.27862,1.1965e-08,168,32,10.021,-3.636,2.1357
3.6569e-07,0.96837,-0.061499,0.24183,1.6595e-08,168,32,10.323,-1.8121,2.3805
3.263e-07,0.96955,-0.052012,0.23925,1.6372e-08,168,32,10.325,-1.6969,2.3987
1.7853e-07,0.96928,-0.04856,0.2411,1.5992e-08,168,32,10.338,-1.6545,2.3565
1.7452e-07,0.96795,-0.046163,0.24684,1.594e-08,168,32,10.339,-1.6204,2.3605
1.6919e-07,0.96612,-0.045233,0.25383,1.5873e-08,168,32,10.339,-1.5842,2.3645
4.4658e-08,0.95971,0.015391,0.28046,1.6167e-08,169,33,10.345,-0.078788,2.4391
2.4487e-08,0.96159,0.0094436,0.27384,1.5902e-08,169,33,10.358,-0.18065,2.3961
5.3541e-08,0.95935,0.015783,0.28169,1.6205e-08,169,33,10.343,-0.072956,2.4462
5.2929e-08,0.95907,0.016638,0.28268,1.6241e-08,169,33,10.341,-0.059404,2.452
4.8887e-08,0.95918,0.016263,0.28234,1.6345e-08,169,33,10.337,-0.047767,2.4653
7.151e-08,0.95926,0.012217,0.28225,1.6585e-08,169,33,10.327,-0.078788,2.4976
8.2154e-08,0.95932,0.0096664,0.28215,1.6758e-08,169,33,10.32,-0.094598,2.5209
1.0554e-07,0.95936,0.0067876,0.28209,1.6816e-08,169,33,10.317,-0.15398,2.5303
1.394e-07,0.95964,0.0032963,0.28118,1.6801e-08,169,33,10.316,-0.23637,2.5383
1.4217e-07,0.95961,0.0030722,0.28129,1.6798e-08,169,33,10.316,-0.24645,2.5372
1.9674e-07,0.96034,-2.8155e-05,0.27877,1.673e-08,169,33,10.314,-0.39394,2.5453
2.031e-07,0.96022,-0.00034438,0.27918,1.6723e-08,169,33,10.315,-0.41264,2.5422
2.6503e-07,0.96113,-0.002665,0.27603,1.6645e-08,169,33,10.313,-0.55152,2.5476
2.6797e-07,0.96098,-0.0031726,0.27652,1.6638e-08,169,33,10.314,-0.57382,2.5434
2.8355e-07,0.96104,-0.0063237,0.27632,1.6602e-08,169,33,10.317,-0.6823,2.5305
2.8788e-07,0.9611,-0.0070228,0.2761,1.6562e-08,169,33,10.318,-0.70909,2.5266
2.8862e-07,0.96109,-0.0075571,0.27611,1.6537e-08,169,33,10.319,-0.72156,2.5239
2.9448e-07,0.96125,-0.013559,0.2753,1.6242e-08,169,33,10.327,-0.86667,2.492
3.0075e-07,0.96101,-0.021244,0.27568,1.593e-08,169,33,10.335,-1.0138,2.4569
3.0085e-07,0.96102,-0.021756,0.27563,1.5908e-08,169,33,10.336,-1.0243,2.4545
3.0164e-07,0.961,-0.022432,0.27563,1.5889e-08,169,33,10.336,-1.0389,2.452
1.3371e-07,0.92634,-0.30695,0.21518,9.6704e-09,167,34,7.1977,-9,2.4904
1.3371e-07,0.91865,-0.30942,0.24397,9.6704e-09,167,34,7.1977,-8.9413,2.4904
1.3371e-07,0.92662,-0.28815,0.23356,9.6704e-09,167,34,7.1977,-8.9031,2.4904
1.4099e-07,0.91852,-0.31181,0.24159,9.484e-09,167,34,7.226,-8.8517,2.5036
1.8847e-07,0.71852,-0.35783,0.49419,1.0352e-08,167,34,7.2781,-8.7455,2.5399
1.8847e-07,0.79306,-0.34475,0.43572,1.0352e-08,167,34,7.2781,-8.6611,2.5399
1.8847e-07,0.80279,-0.33647,0.39483,1.0352e-08,167,34,7.2781,-8.5879,2.5399
1.8889e-07,0.48302,-0.65551,0.42886,1.0727e-08,167,34,7.3013,-8.5512,2.547
1.8889e-07,0.38219,-0.69119,0.49082,1.0727e-08,167,34,7.3777,-8.5512,2.547
1.8889e-07,0.49084,-0.63826,0.49914,1.0727e-08,167,34,7.4601,-8.5512,2.547
1.8586e-07,0.65402,-0.66966,0.2328,1.0628e-08,167,34,7.4649,-8.5444,2.5491
1.8076e-07,0.90604,-0.37463,0.19238,1.0294e-08,167,34,7.5079,-8.4812,2.5592
1.8598e-07,0.92952,-0.32029,0.17255,1.0105e-08,167,34,7.5379,-8.4303,2.5716
1.8598e-07,0.92038,-0.33845,0.19455,1.0105e-08,167,34,7.5379,-8.3919,2.5716
1.8598e-07,0.94352,-0.29988,0.13218,1.0105e-08,167,34,7.5379,-8.2728,2.5716
1.6841e-07,0.4606,-0.85899,0.19755,1.1355e-08,167,34,7.618,-8.14,2.607
1.6839e-07,0.45076,-0.87042,0.19786,1.1369e-08,167,34,7.6188,-8.1388,2.6072
1.6839e-07,0.42104,-0.86329,0.27823,1.1369e-08,167,34,7.7744,-8.1388,2.6072
1.6839e-07,0.42094,-0.86368,0.27667,1.1369e-08,167,34,7.7775,-8.1388,2.6072
1.6817e-07,0.4281,-0.8561,0.27802,1.1359e-08,167,34,7.7788,-8.1368,2.6076
1.6786e-07,0.52083,-0.76407,0.26102,1.1372e-08,167,34,7.7815,-8.1326,2.6102
1.6786e-07,0.53077,-0.78027,0.18042,1.1372e-08,167,34,7.7815,-8.1326,2.7355
1.6859e-07,0.88771,-0.29621,0.2494,1.1305e-08,167,34,7.7927,-8.1174,2.7685
1.6866e-07,0.92882,-0.23656,0.26579,1.13e-08,167,34,7.7941,-8.1152,2.769
1.6866e-07,0.92909,-0.23455,0.26696,1.13e-08,167,34,7.7941,-8.1124,2.769
1.6978e-07,0.78303,-0.45369,0.34979,1.1428e-08,167,34,7.7962,-7.9576,2.7735
1.6709e-07,0.83001,-0.47358,0.27111,1.1399e-08,167,34,7.7985,-7.9543,2.7757
1.6327e-07,0.8484,-0.45893,0.26221,1.1378e-08,167,34,7.804,-7.9438,2.7823
1.0992e-07,0.87358,-0.43451,0.20891,1.0969e-08,167,34,7.876,-7.8,2.8438
1.0124e-07,0.89046,-0.37914,0.25136,1.1558e-08,167,34,7.896,-7.7242,2.8446
1.1841e-07,0.84158,-0.44177,0.30228,1.2191e-08,167,34,7.9232,-7.6967,2.8115
1.3996e-07,0.85203,-0.44836,0.26993,1.2692e-08,167,34,7.9354,-7.6885,2.7685
1.4082e-07,0.8512,-0.45014,0.26974,1.2728e-08,167,34,7.9361,-7.6874,2.7665
1.4086e-07,0.85067,-0.45054,0.27078,1.2732e-08,167,34,7.9362,-7.6872,2.7664
1.4085e-07,0.85042,-0.45074,0.27108,1.2729e-08,167,34,7.9373,-7.6855,2.7667
1.4991e-07,0.77205,-0.53863,0.33733,1.268e-08,167,34,7.9689,-7.6425,2.7647
1.6431e-07,0.79802,-0.50851,0.32322,1.278e-08,167,34,8.0639,-7.5107,2.7426
1.7983e-07,0.795,-0.51131,0.3263,1.2983e-08,167,34,8.0835,-7.4849,2.7343
1.852e-07,0.79089,-0.5149,0.33066,1.3082e-08,167,34,8.0949,-7.4702,2.7285
1.8485e-07,0.7914,-0.5124,0.33331,1.3004e-08,167,34,8.1045,-7.4543,2.7317
2.0063e-07,0.80135,-0.49609,0.33396,1.2893e-08,167,34,8.162,-7.3675,2.7281
2.232e-07,0.80499,-0.49053,0.33368,1.3028e-08,167,34,8.189,-7.3273,2.7217
2.7804e-07,0.80611,-0.48862,0.33365,1.3531e-08,167,34,8.2431,-7.2545,2.6899
2.8309e-07,0.80184,-0.49125,0.34007,1.3628e-08,167,34,8.2537,-7.2387,2.6883
2.8113e-07,0.80739,-0.48153,0.34095,1.3616e-08,167,34,8.2883,-7.1768,2.6963
2.8291e-07,0.80667,-0.4796,0.3453,1.3619e-08,167,34,8.2923,-7.1697,2.6969
2.7945e-07,0.81235,-0.46905,0.34633,1.3627e-08,167,34,8.3425,-7.0836,2.6967
3.3288e-07,0.81122,-0.46724,0.35156,1.4438e-08,167,34,8.3966,-7.0122,2.6658
3.4865e-07,0.80986,-0.46854,0.35296,1.4659e-08,167,34,8.4124,-6.9897,2.6582
3.467e-07,0.80986,-0.4686,0.35284,1.4628e-08,167,34,8.4178,-6.9771,2.6629
3.4827e-07,0.81182,-0.46437,0.35385,1.461e-08,167,34,8.4285,-6.9546,2.668
3.3542e-07,0.81781,-0.45283,0.35508,1.4546e-08,167,34,8.4749,-6.8546,2.6915
3.464e-07,0.82213,-0.44333,0.357,1.466e-08,167,34,8.5191,-6.7616,2.7036
3.6256e-07,0.81942,-0.44293,0.36376,1.5078e-08,167,34,8.5495,-6.697,2.7149
3.7158e-07,0.81571,-0.44566,0.36878,1.5329e-08,167,34,8.5711,-6.6481,2.7249
3.6543e-07,0.81705,-0.44404,0.36767,1.527e-08,167,34,8.5768,-6.631,2.7331
3.5669e-07,0.82327,-0.43252,0.36761,1.5012e-08,167,34,8.607,-6.5472,2.7685
3.5641e-07,0.82386,-0.43141,0.36759,1.499e-08,167,34,8.6095,-6.5394,2.7722
3.5605e-07,0.82395,-0.43123,0.3676,1.4985e-08,167,34,8.6101,-6.5376,2.773
3.5612e-07,0.82418,-0.43091,0.36748,1.4971e-08,167,34,8.6117,-6.5333,2.7746
3.5723e-07,0.83339,-0.41657,0.36297,1.4905e-08,167,34,8.6659,-6.3818,2.8215
3.598e-07,0.83723,-0.4125,0.359,1.4987e-08,167,34,8.6921,-6.3157,2.8348
3.5616e-07,0.82784,-0.42274,0.36871,1.5331e-08,167,34,8.7264,-6.2243,2.8605
3.5487e-07,0.82593,-0.425,0.3704,1.5374e-08,167,34,8.7298,-6.2146,2.8636
3.4417e-07,0.82304,-0.42892,0.37226,1.5273e-08,167,34,8.7416,-6.1792,2.8793
3.2054e-07,0.824,-0.43008,0.36884,1.4951e-08,167,34,8.7803,-6.0675,2.9259
3.2028e-07,0.82405,-0.43005,0.36878,1.4951e-08,167,34,8.7806,-6.0667,2.9261
3.1985e-07,0.82406,-0.43005,0.36874,1.4953e-08,167,34,8.7809,-6.0655,2.9266
2.4619e-07,0.82507,-0.42969,0.36654,1.5063e-08,167,34,8.8183,-5.9091,3.0215
2.1828e-07,0.82308,-0.43039,0.37044,1.5267e-08,167,34,8.8343,-5.8242,3.0848
1.9229e-07,0.8212,-0.42967,0.37523,1.5321e-08,167,34,8.8415,-5.7515,3.1518
1.7281e-07,0.81766,-0.42761,0.3854,1.5528e-08,167,34,8.8489,-5.6575,3.243
1.4431e-07,0.81481,-0.42503,0.39405,1.5532e-08,167,34,8.8446,-5.594,3.3222
1.2646e-07,0.81202,-0.42129,0.40383,1.5625e-08,167,34,8.8412,-5.5275,3.4012
8.4131e-08,0.80703,-0.41557,0.41944,1.558e-08,167,34,8.8215,-5.4364,3.5352
7.8105e-08,0.80625,-0.41433,0.42222,1.5592e-08,167,34,8.8186,-5.4182,3.5594
6.5357e-08,0.80435,-0.41303,0.42702,1.5576e-08,167,34,8.8088,-5.3928,3.6032
3.9455e-08,0.79848,-0.41031,0.44044,1.5982e-08,167,34,8.7825,-5.3222,3.7176
3.4463e-08,0.79465,-0.41136,0.44635,1.6349e-08,167,34,8.757,-5.2788,3.8012
3.3318e-08,0.79085,-0.41056,0.45373,1.6518e-08,167,34,8.7491,-5.256,3.8358
3.3051e-08,0.78881,-0.41005,0.45782,1.669e-08,167,34,8.7404,-5.2282,3.8758
3.5975e-08,0.78732,-0.40955,0.46084,1.694e-08,167,34,8.7298,-5.1897,3.9269
3.3953e-08,0.79353,-0.40269,0.45606,1.6908e-08,167,34,8.724,-5.1805,3.9449
2.7846e-08,0.80045,-0.39148,0.45385,1.6803e-08,167,34,8.7054,-5.1576,3.9975
1.8258e-08,0.79778,-0.39191,0.45818,1.6722e-08,167,34,8.6867,-5.1553,4.034
2.5402e-08,0.79223,-0.39151,0.46788,1.6894e-08,167,34,8.6593,-5.1212,4.1111
5.8585e-08,0.79115,-0.38758,0.47308,1.7226e-08,167,34,8.6647,-5.013,4.1922
7.5093e-08,0.79274,-0.38531,0.47225,1.743e-08,167,34,8.68,-4.9637,4.2056
7.6614e-08,0.79354,-0.38433,0.47177,1.7439e-08,167,34,8.6859,-4.946,4.21
1.068e-07,0.78257,-0.38733,0.48737,1.8401e-08,167,34,8.72,-4.8061,4.2667
1.0368e-07,0.77919,-0.38696,0.49304,1.8849e-08,167,34,8.7298,-4.7369,4.3048
9.87e-08,0.77834,-0.38531,0.49567,1.9016e-08,167,34,8.734,-4.6931,4.3331
9.5537e-08,0.77941,-0.38067,0.49758,1.9079e-08,167,34,8.7379,-4.6637,4.3504
8.6462e-08,0.77916,-0.37839,0.49972,1.9159e-08,167,34,8.7346,-4.6485,4.3668
7.9205e-08,0.77848,-0.37849,0.5007,1.9233e-08,167,34,8.7298,-4.6422,4.3784
5.8962e-09,0.78182,-0.3659,0.50483,1.87e-08,167,34,8.6672,-4.61,4.5037
3.7898e-09,0.78209,-0.36369,0.50594,1.8663e-08,167,34,8.6635,-4.6113,4.5086
4.2159e-08,0.95941,0.028712,0.28035,1.659e-08,170,35,10.264,0.23637,2.6976
1.1471e-07,0.95728,0.02024,0.28846,1.6634e-08,170,35,10.247,0.084484,2.7685
3.728e-08,0.95857,0.032125,0.28286,1.6541e-08,170,35,10.258,0.29449,2.7101
1.9513e-07,0.95464,0.027858,0.29622,1.6657e-08,170,35,10.232,0.19947,2.8055
1.4277e-07,0.95626,0.038669,0.28992,1.6479e-08,170,35,10.24,0.39394,2.7599
1.9451e-07,0.95443,0.029772,0.29668,1.6667e-08,170,35,10.231,0.23637,2.8077
1.5034e-07,0.95608,0.039019,0.29047,1.6473e-08,170,35,10.238,0.39847,2.7639
1.6518e-07,0.95568,0.03853,0.29183,1.6493e-08,170,35,10.236,0.389,2.7734
1.5745e-07,0.95593,0.039033,0.291,1.6475e-08,170,35,10.237,0.39941,2.7685
1.6125e-07,0.95579,0.038778,0.29147,1.6488e-08,170,35,10.236,0.39394,2.7714
1.2958e-08,0.84583,0.37316,0.38114,1.4695e-08,167,36,8.1926,6.3469,4.034
5.631e-09,0.84487,0.37352,0.38291,1.4607e-08,167,36,8.1774,6.3532,4.0628
3.6176e-08,0.82477,0.39021,0.40799,1.5252e-08,167,36,8.1308,6.3207,4.1922
2.9511e-08,0.81124,0.40178,0.42463,1.5726e-08,167,36,8.101,6.3248,4.2495
3.1501e-08,0.81269,0.39684,0.42657,1.5802e-08,167,36,8.0958,6.3202,4.263
3.2177e-08,0.81639,0.39535,0.42087,1.5815e-08,167,36,8.0949,6.3191,4.2657
4.0128e-08,0.82196,0.38887,0.4161,1.5538e-08,167,36,8.0614,6.3049,4.3504
2.5617e-08,0.82013,0.38467,0.42335,1.5252e-08,167,36,8.0235,6.3014,4.4311
2.4567e-08,0.80103,0.39666,0.44706,1.5752e-08,167,36,7.9882,6.288,4.5086
2.8067e-08,0.82369,0.37277,0.42707,1.5763e-08,167,36,7.9869,6.2862,4.512
3.4126e-08,0.83957,0.35754,0.40889,1.6543e-08,167,36,7.9362,6.2898,4.5995
3.6677e-08,0.86356,0.32252,0.38449,1.6466e-08,167,36,7.9343,6.2868,4.6075
7.7348e-08,0.87875,0.28668,0.38035,1.5864e-08,167,36,7.9172,6.267,4.6668
2.0302e-08,0.85608,0.3481,0.37782,1.455e-08,167,36,7.8661,6.2651,4.784
3.0112e-09,0.75986,0.37643,0.4694,1.4629e-08,167,36,7.8417,6.2637,4.8157
2.1942e-07,-0.77737,0.14177,-0.56885,1.1783e-09,172,37,9.5164,-4.1758,4.336
2.372e-07,-0.7073,-0.021716,-0.68243,1.097e-09,172,37,9.5235,-4.1806,4.332
2.1934e-07,-0.85065,0.4147,-0.24035,1.2229e-09,172,37,9.5086,-4.1688,4.3504
3.0801e-07,-0.67964,0.60132,0.31308,9.9941e-10,172,37,9.5235,-4.1669,4.3665
8.7593e-08,0.8461,0.12573,0.5178,1.7695e-08,173,38,9.4439,2.0259,4.4523
5.4933e-08,0.84622,0.12163,0.51866,1.7964e-08,173,38,9.4567,1.9697,4.4452
1.9803e-07,0.8406,0.12457,0.52708,1.7667e-08,173,38,9.4134,2.0067,4.5086
1.9143e-07,0.8405,0.12232,0.52777,1.7691e-08,173,38,9.4117,1.9905,4.5147
1.8629e-07,0.84087,0.12026,0.52768,1.7723e-08,173,38,9.4101,1.9697,4.5222
1.054e-07,0.84329,0.10789,0.52644,1.7817e-08,173,38,9.4198,1.853,4.5303
1.1403e-07,0.84348,0.10352,0.52703,1.7898e-08,173,38,9.4174,1.8121,4.5426
2.0406e-07,-0.73803,-0.038875,-0.67365,1.0933e-09,175,39,9.5084,-3.703,4.65
3.7372e-07,-0.66602,-0.36501,-0.60792,8.1869e-10,175,39,9.5235,-3.7286,4.6562
1.9953e-07,-0.72284,0.056362,-0.65978,1.145e-09,175,39,9.499,-3.6943,4.6668
4.7415e-09,0.51273,-0.59954,0.54966,1.2435e-08,167,40,6.8771,-7.5493,4.7832
3.9294e-08,0.64349,-0.32755,0.5937,1.1948e-08,167,40,6.9455,-7.4849,4.7538
3.9294e-08,0.71124,-0.29123,0.56562,1.1948e-08,167,40,6.9455,-7.3971,4.7538
3.9294e-08,0.72823,-0.27493,0.52067,1.1948e-08,167,40,6.9455,-7.3273,4.7538
1.1412e-07,0.51099,-0.68174,0.32317,1.235e-08,167,40,6.9564,-7.2355,4.825
1.1412e-07,0.67353,-0.56743,0.37048,1.235e-08,167,40,6.9564,-7.2355,4.933
1.1412e-07,0.66189,-0.5646,0.41482,1.235e-08,167,40,6.9564,-7.2355,4.9832
1.0685e-07,0.50032,-0.5559,0.60611,1.2708e-08,167,40,6.9222,-7.2451,5.0173
1.3075e-07,0.5492,-0.70305,0.45172,1.2806e-08,167,40,6.9571,-7.2024,5.0099
1.5784e-07,0.44094,-0.3658,0.79983,1.2763e-08,167,40,6.9839,-7.1724,5.0015
1.5784e-07,0.33704,-0.45397,0.80628,1.2763e-08,167,40,7.1242,-7.1724,5.0015
1.5784e-07,0.32224,-0.47346,0.78347,1.2763e-08,167,40,7.1426,-7.1724,5.0015
1.5932e-07,0.41168,-0.3862,0.76836,1.2708e-08,167,40,7.1459,-7.1697,5.0003
1.5932e-07,0.48537,-0.21095,0.80189,1.2708e-08,167,40,7.1459,-7.0392,5.0003
1.5932e-07,0.47888,-0.23635,0.79728,1.2708e-08,167,40,7.1459,-7.0122,5.0003
1.6036e-07,0.83566,-0.36755,0.36934,1.2507e-08,167,40,7.1604,-7.0009,4.9938
2.2845e-07,0.62411,-0.3128,0.6107,1.2278e-08,167,40,7.1931,-6.8546,5.0686
2.2845e-07,0.63879,-0.24991,0.63037,1.2278e-08,167,40,7.1931,-6.7639,5.0686
2.2845e-07,0.63146,-0.28382,0.62838,1.2278e-08,167,40,7.1931,-6.697,5.0686
2.36e-07,0.48137,-0.45546,0.69891,1.2658e-08,167,40,7.2073,-6.6703,5.0711
2.3877e-07,0.56546,-0.67608,0.47238,1.265e-08,167,40,7.2126,-6.6612,5.0717
2.8427e-07,0.46744,-0.41264,0.73641,1.2041e-08,167,40,7.2515,-6.585,5.0835
3.1246e-07,0.60906,-0.28777,0.64951,1.1206e-08,167,40,7.2762,-6.5394,5.0898
3.1246e-07,0.67434,-0.24026,0.62696,1.1206e-08,167,40,7.2762,-6.4431,5.0898
3.1246e-07,0.69167,-0.222,0.58407,1.1206e-08,167,40,7.2762,-6.3818,5.0898
3.1352e-07,0.43391,-0.51197,0.64459,1.2042e-08,167,40,7.3013,-6.3209,5.0984
3.1352e-07,0.34259,-0.52881,0.68649,1.2042e-08,167,40,7.3823,-6.3209,5.0984
3.1352e-07,0.42431,-0.47563,0.70032,1.2042e-08,167,40,7.4601,-6.3209,5.0984
2.8937e-07,0.58508,-0.62518,0.46387,1.2169e-08,167,40,7.4751,-6.2856,5.1055
2.8996e-07,0.87399,-0.31103,0.37333,1.2044e-08,167,40,7.488,-6.2397,5.1259
2.9731e-07,0.87947,-0.30142,0.36527,1.2175e-08,167,40,7.4908,-6.2243,5.1321
2.9731e-07,0.87402,-0.30634,0.37656,1.2175e-08,167,40,7.4908,-6.215,5.1321
2.9731e-07,0.94631,-0.185,0.25971,1.2175e-08,167,40,7.4908,-6.0667,5.1321
3.0409e-07,0.9441,-0.19132,0.26352,1.2091e-08,167,40,7.4946,-6.0459,5.1414
3.0409e-07,0.88736,-0.29746,0.35198,1.2091e-08,167,40,7.4946,-6.0459,5.2787
3.0409e-07,0.89148,-0.28264,0.34999,1.2091e-08,167,40,7.4946,-6.0459,5.2996
2.9721e-07,0.69975,-0.22768,0.56442,1.1825e-08,167,40,7.5203,-5.9091,5.3514
2.9721e-07,0.70656,-0.19117,0.57349,1.1825e-08,167,40,7.5203,-5.8419,5.3514
2.9721e-07,0.69946,-0.23043,0.57156,1.1825e-08,167,40,7.5203,-5.7515,5.3514
2.9379e-07,0.51078,-0.45404,0.67905,1.32e-08,167,40,7.549,-5.6915,5.353
2.8474e-07,0.58792,-0.61863,0.52118,1.3615e-08,167,40,7.5601,-5.6616,5.3581
2.7371e-07,0.47188,-0.37949,0.75248,1.366e-08,167,40,7.5642,-5.6274,5.3756
2.494e-07,0.68551,-0.25251,0.57789,1.3166e-08,167,40,7.5616,-5.594,5.4018
2.494e-07,0.69267,-0.25074,0.57496,1.3166e-08,167,40,7.5616,-5.5236,5.4018
2.494e-07,0.70105,-0.21618,0.57496,1.3166e-08,167,40,7.5616,-5.4364,5.4018
2.4019e-07,0.59645,-0.20423,0.68473,1.3794e-08,167,40,7.5805,-5.3373,5.4347
2.4258e-07,0.81794,-0.20606,0.45611,1.4193e-08,167,40,7.5917,-5.2788,5.4511
2.4258e-07,0.83261,-0.2039,0.44913,1.4193e-08,167,40,7.5917,-5.2499,5.4511
2.4258e-07,0.85744,-0.23585,0.34747,1.4193e-08,167,40,7.5917,-5.1212,5.4511
2.341e-07,0.71441,-0.45294,0.32653,1.4569e-08,167,40,7.5978,-5.099,5.4578
2.341e-07,0.80495,-0.38196,0.34646,1.4569e-08,167,40,7.5978,-5.099,5.516
2.341e-07,0.78185,-0.37667,0.42302,1.4569e-08,167,40,7.5978,-5.099,5.616
2.1296e-07,0.55719,-0.58849,0.56695,1.5248e-08,167,40,7.6059,-5.0658,5.6272
2.1336e-07,0.57177,-0.61838,0.53915,1.5292e-08,167,40,7.6068,-5.0628,5.6279
1.4672e-07,0.42821,-0.31375,0.81806,1.452e-08,167,40,7.5855,-4.9893,5.6959
1.4876e-07,0.5959,-0.2382,0.67763,1.4113e-08,167,40,7.5812,-4.9637,5.7154
1.4876e-07,0.60192,-0.2283,0.6775,1.4113e-08,167,40,7.5812,-4.8702,5.7154
1.4876e-07,0.60798,-0.20562,0.67576,1.4113e-08,167,40,7.5812,-4.8061,5.7154
1.891e-07,0.55495,-0.19132,0.72888,1.4872e-08,167,40,7.5891,-4.6991,5.7586
2.1176e-07,0.90468,-0.20353,0.37429,1.5162e-08,167,40,7.5924,-4.6578,5.7742
2.1176e-07,0.9035,-0.20774,0.37465,1.5162e-08,167,40,7.5924,-4.6578,5.7835
2.1176e-07,0.91549,-0.13733,0.37694,1.5162e-08,167,40,7.5924,-4.6578,5.9324
2.145e-07,0.90343,-0.13302,0.39027,1.5248e-08,167,40,7.5931,-4.6485,5.9359
2.145e-07,0.90348,-0.13202,0.39052,1.5248e-08,167,40,7.5931,-4.6446,5.9359
2.145e-07,0.8879,-0.22094,0.38671,1.5248e-08,167,40,7.5931,-4.4909,5.9359
1.8913e-07,0.55474,-0.55058,0.60233,1.5877e-08,167,40,7.6022,-4.4522,5.9469
1.8999e-07,0.57493,-0.58859,0.56834,1.5928e-08,167,40,7.6029,-4.4483,5.9482
1.468e-07,0.49864,-0.44313,0.6973,1.5125e-08,167,40,7.5743,-4.4055,6
1.5321e-07,-0.72425,-0.0080701,-0.68949,1.0525e-09,177,41,9.3594,-3.8606,4.8068
2.1983e-07,-0.69291,-0.17745,-0.65965,9.4909e-10,177,41,9.3647,-3.8718,4.8098
1.4678e-07,-0.70462,0.10564,-0.6708,1.1154e-09,177,41,9.3476,-3.8528,4.825
2.3507e-07,-0.75972,-0.11128,-0.64066,1.4484e-09,179,42,9.483,-3.2303,4.9716
6.1285e-07,-0.62757,-0.55557,-0.52923,9.4657e-10,179,42,9.5235,-3.2792,4.979
2.3299e-07,-0.75383,-0.059634,-0.6357,1.4628e-09,179,42,9.4783,-3.2213,4.9832
5.6504e-08,0.66564,-0.30343,0.58069,1.225e-08,176,43,6.6392,-7.4849,5.1066
3.6977e-08,0.4457,-0.38002,0.781,1.2699e-08,176,43,6.64,-7.5106,5.0826
5.6504e-08,0.71747,-0.27921,0.5594,1.225e-08,176,43,6.6392,-7.4071,5.1066
5.6504e-08,0.73349,-0.27993,0.50268,1.225e-08,176,43,6.6392,-7.3273,5.1066
6.468e-08,0.78291,-0.42969,0.25239,1.2155e-08,176,43,6.6254,-7.3088,5.1414
6.468e-08,0.8395,-0.39117,0.26757,1.2155e-08,176,43,6.6254,-7.3088,5.179
6.468e-08,0.81577,-0.3851,0.35634,1.2155e-08,176,43,6.6254,-7.3088,5.2996
6.4965e-08,0.47726,-0.50378,0.66476,1.299e-08,176,43,6.5828,-7.2903,5.3682
6.7345e-08,0.54809,-0.69669,0.46278,1.312e-08,176,43,6.55,-7.2826,5.4156
6.9648e-08,0.52987,-0.63352,0.5243,1.3116e-08,176,43,6.5322,-7.2754,5.4438
7.1434e-08,0.60897,-0.6272,0.44119,1.2969e-08,176,43,6.5219,-7.2739,5.4578
7.1434e-08,0.53624,-0.75098,0.28341,1.2969e-08,176,43,6.5219,-7.2739,5.5897
7.1434e-08,0.5399,-0.73346,0.28604,1.2969e-08,176,43,6.5219,-7.2739,5.616
6.7847e-08,0.43823,-0.75759,0.38317,1.3072e-08,176,43,6.5077,-7.2716,5.6343
6.7847e-08,0.42778,-0.70636,0.51402,1.3072e-08,176,43,6.3784,-7.2716,5.6343
6.7847e-08,0.43926,-0.68947,0.51594,1.3072e-08,176,43,6.349,-7.2716,5.6343
7.6641e-08,0.60511,-0.29991,0.67345,1.2651e-08,176,43,6.3371,-7.2478,5.6657
8.9679e-08,0.85596,-0.30909,0.41267,1.2195e-08,176,43,6.3037,-7.2136,5.7302
1.0183e-07,0.88173,-0.29045,0.36476,1.2201e-08,176,43,6.275,-7.2019,5.7742
1.0183e-07,0.86749,-0.31881,0.38097,1.2201e-08,176,43,6.275,-7.2019,5.8065
1.0183e-07,0.90888,-0.21232,0.35139,1.2201e-08,176,43,6.275,-7.2019,5.9324
1.1951e-07,0.61253,-0.30494,0.63125,1.2202e-08,176,43,6.2274,-7.1821,6
1.657e-07,0.46899,0.78903,0.38672,1.4263e-08,167,44,6.5096,7.9541,5.1414
1.6608e-07,0.5482,0.40797,0.72676,1.4265e-08,167,44,6.5094,7.9553,5.1406
1.657e-07,0.46882,0.79032,0.38581,1.4263e-08,167,44,6.5096,7.9541,5.1441
1.6629e-07,0.54243,0.40986,0.73333,1.428e-08,167,44,6.5096,7.9557,5.1399
1.657e-07,0.30664,0.8589,0.3968,1.4263e-08,167,44,6.5096,7.9541,5.2996
1.6686e-07,0.54638,0.4088,0.7288,1.4277e-08,167,44,6.5089,7.9576,5.139
1.3418e-07,0.50969,0.24461,0.77334,1.3286e-08,167,44,6.5254,7.8,5.4183
1.6686e-07,0.45348,0.24021,0.85527,1.4277e-08,167,44,6.5089,8.1136,5.139
1.3418e-07,0.51015,0.23412,0.78386,1.3286e-08,167,44,6.5254,7.7749,5.4183
1.6686e-07,0.45342,0.2409,0.85461,1.4277e-08,167,44,6.5089,8.1152,5.139
1.3418e-07,0.59106,0.37484,0.68241,1.3286e-08,167,44,6.5254,7.6425,5.4183
1.671e-07,0.44502,0.25521,0.84896,1.4298e-08,167,44,6.5077,8.119,5.1367
1.2815e-07,0.52903,0.39051,0.75335,1.3356e-08,167,44,6.5304,7.6199,5.432
1.671e-07,0.41305,0.39417,0.81414,1.4298e-08,167,44,6.3529,8.119,5.1367
1.2551e-07,0.59812,0.37032,0.67501,1.3172e-08,167,44,6.5244,7.6148,5.4437
1.671e-07,0.41719,0.39191,0.815,1.4298e-08,167,44,6.349,8.119,5.1367
1.1943e-07,0.5507,0.68669,0.39279,1.3228e-08,167,44,6.5258,7.5965,5.4578
1.6686e-07,0.85731,0.35919,0.35541,1.429e-08,167,44,6.3483,8.1194,5.1371
1.1943e-07,0.54898,0.70099,0.38266,1.3228e-08,167,44,6.5258,7.5965,5.4879
1.6685e-07,0.86904,0.34791,0.35135,1.429e-08,167,44,6.3482,8.1195,5.1371
1.1943e-07,0.41318,0.7611,0.38912,1.3228e-08,167,44,6.5258,7.5965,5.616
1.6315e-07,0.8745,0.33997,0.34493,1.3887e-08,167,44,6.3252,8.1464,5.1414
1.1702e-07,0.42484,0.21164,0.87923,1.2305e-08,167,44,6.508,7.4849,5.73
1.6315e-07,0.89646,0.31073,0.31589,1.3887e-08,167,44,6.3252,8.1464,5.2683
1.1702e-07,0.42485,0.21142,0.8794,1.2305e-08,167,44,6.508,7.4845,5.73
1.6315e-07,0.89538,0.29991,0.32781,1.3887e-08,167,44,6.3252,8.1464,5.2996
1.1702e-07,0.52223,0.36475,0.77025,1.2305e-08,167,44,6.508,7.3273,5.73
1.507e-07,0.88964,0.27149,0.36544,1.2244e-08,167,44,6.2312,8.2463,5.3261
1.1702e-07,0.52118,0.36501,0.77145,1.2307e-08,167,44,6.508,7.327,5.7302
1.5193e-07,0.81869,0.28149,0.44252,1.2293e-08,167,44,6.2245,8.2728,5.3084
1.1705e-07,0.52214,0.36476,0.77035,1.2304e-08,167,44,6.5079,7.3269,5.7304
1.5193e-07,0.81037,0.25503,0.45733,1.2293e-08,167,44,6.2245,8.3006,5.3084
1.1561e-07,0.492,0.74001,0.43384,1.2671e-08,167,44,6.5112,7.2649,5.7742
1.5193e-07,0.791,0.38882,0.36809,1.2293e-08,167,44,6.2245,8.4303,5.3084
1.1561e-07,0.4916,0.74407,0.43088,1.2671e-08,167,44,6.5112,7.2649,5.7824
1.5389e-07,0.71728,0.53845,0.28641,1.2329e-08,167,44,6.2214,8.4423,5.2996
1.1561e-07,0.33144,0.8249,0.42242,1.2671e-08,167,44,6.5112,7.2649,5.9324
1.5389e-07,0.75435,0.52454,0.285,1.2329e-08,167,44,6.2214,8.4423,5.2596
1.1556e-07,0.31875,0.74831,0.50302,1.255e-08,167,44,6.5077,7.2542,5.9449
1.5389e-07,0.75284,0.48642,0.33987,1.2329e-08,167,44,6.2214,8.4423,5.1414
1.1556e-07,0.33032,0.77364,0.48824,1.255e-08,167,44,6.4825,7.2542,5.9449
1.7037e-07,0.44719,0.60419,0.59348,1.2821e-08,167,44,6.1903,8.5409,5.0722
1.1556e-07,0.45415,0.72559,0.47207,1.255e-08,167,44,6.349,7.2542,5.9449
1.7037e-07,0.33525,0.58546,0.65412,1.2821e-08,167,44,6.0993,8.5409,5.0722
1.1364e-07,0.72321,0.31721,0.53295,1.1757e-08,167,44,6.3263,7.2604,5.9659
1.7037e-07,0.33497,0.6046,0.59828,1.2821e-08,167,44,6.0315,8.5409,5.0722
1.1068e-07,0.5842,0.34474,0.68843,1.1706e-08,167,44,6.322,7.2236,6
1.7294e-07,0.44053,0.36346,0.74388,1.2666e-08,167,44,6.0055,8.5879,5.0533
1.7294e-07,0.59974,0.41237,0.64097,1.2666e-08,167,44,6.0055,8.7029,5.0533
1.7294e-07,0.6022,0.43188,0.61748,1.2666e-08,167,44,6.0055,8.7455,5.0533
1.7904e-07,0.49978,0.46823,0.72864,1.2747e-08,167,44,5.9651,8.8114,5.0278
1.6891e-07,0.73762,0.3975,0.4731,1.2243e-08,167,44,5.9006,8.9031,5.0038
1.6891e-07,0.70719,0.3177,0.52782,1.2243e-08,167,44,5.9006,8.9626,5.0038
1.6891e-07,0.70307,0.33817,0.51228,1.2243e-08,167,44,5.9006,9,5.0038
7.6569e-08,-0.67435,0.37709,-0.63237,1.2129e-09,180,45,9.0468,-3.8017,5.2996
7.6365e-08,-0.67465,0.37471,-0.63265,1.2113e-09,180,45,9.0473,-3.802,5.2988
2.5374e-07,-0.73794,-0.12202,-0.66375,1.5032e-09,181,46,9.3221,-3.0727,5.298
2.8268e-07,-0.72522,-0.16644,-0.65231,1.4645e-09,181,46,9.325,-3.0773,5.2996
2.5335e-07,-0.73731,-0.11524,-0.66319,1.5049e-09,181,46,9.3213,-3.0715,5.2996
2.5791e-07,-0.75171,-0.17705,-0.63529,1.5432e-09,182,47,9.4894,-2.6,5.2881
3.7486e-07,-0.70911,-0.31943,-0.59929,1.3899e-09,182,47,9.4969,-2.6206,5.2996
2.6244e-07,-0.75104,-0.12649,-0.63472,1.5386e-09,182,47,9.4854,-2.5798,5.2996
3.2637e-07,-0.74258,-0.026129,-0.58575,1.3197e-09,183,48,9.0473,4.0092,5.2654
3.2175e-07,-0.91567,-0.2697,-0.19281,1.4632e-09,183,48,9.0215,3.9986,5.2996
6.3993e-07,-0.67068,-0.41694,0.59106,1.172e-09,183,48,9.0473,4.0142,5.3366
1.0581e-06,-0.5817,0.57898,-0.57131,5.4108e-10,184,49,7.1831,-4.6485,5.3371
1.0562e-06,-0.5817,0.57898,-0.57131,5.2893e-10,184,49,7.2008,-4.6676,5.2996
4.3558e-08,-0.64684,-0.37943,-0.62939,1.5494e-09,185,50,8.5644,-4.6764,5.4578
4.4566e-08,-0.64423,-0.39271,-0.62685,1.5214e-09,185,50,8.5711,-4.6775,5.4518
9.0695e-08,-0.70422,0.13465,-0.65887,1.4056e-09,186,51,9.0289,-3.5166,5.4578
8.6444e-08,-0.71595,0.031592,-0.66984,1.3678e-09,186,51,9.0473,-3.5308,5.4298
1.6996e-07,-0.7232,-0.10091,-0.68323,1.4577e-09,188,52,9.0455,-3.2303,5.5736
2.406e-07,-0.6847,-0.25299,-0.64686,1.3674e-09,188,52,9.0473,-3.2468,5.5871
1.8488e-07,-0.70983,0.036611,-0.6706,1.4772e-09,188,52,9.018,-3.2067,5.616
3.6688e-07,-0.97189,0.16506,-0.13048,1.2033e-09,189,53,4.9794,-8.211,5.678
4.0653e-07,-0.77773,0.32343,-0.35686,1.4543e-09,189,53,5.0052,-8.1334,5.7353
4.1712e-07,-0.95921,0.13697,-0.17151,1.945e-09,189,53,4.9863,-8.1568,5.7742
4.2104e-07,-0.78531,0.31804,-0.35201,1.505e-09,189,53,5.0041,-8.1152,5.7549
4.1712e-07,-0.94668,0.1853,-0.26135,1.945e-09,189,53,4.9863,-8.1568,5.8159
4.1712e-07,-0.98037,-0.026134,-0.00040584,1.945e-09,189,53,4.9863,-8.1568,5.9324
4.2978e-07,-0.97727,0.049448,0.060588,2.3674e-09,189,53,4.9892,-8.1152,5.9852
4.2978e-07,-0.94893,0.28012,-0.12324,2.3674e-09,189,53,4.9892,-8.0102,5.9852
4.2978e-07,-0.96494,0.1597,-0.096142,2.3674e-09,189,53,4.9892,-7.9576,5.9852
4.4315e-07,-0.96833,0.14845,-0.10115,2.2829e-09,189,53,4.9888,-7.9346,6
3.201e-07,-0.70479,-0.089945,-0.68562,1.5536e-09,191,54,8.9995,-2.9,5.7742
3.1031e-07,-0.70784,-0.13878,-0.68858,1.5259e-09,191,54,9.0473,-2.9122,5.7192
9.1105e-07,-0.58614,-0.5678,-0.57797,6.6577e-10,192,55,7.1426,4.3674,5.6591
9.6395e-07,-0.58614,-0.5678,-0.57797,6.3585e-10,192,55,7.1671,4.386,5.616
1.1128e-06,-0.71652,-0.69749,-0.010047,4.7944e-10,193,56,6.8312,5.0352,5.616
9.7198e-07,-0.71701,-0.69701,-0.0087341,8.7952e-10,193,56,6.9002,4.9637,5.6532
4.3477e-07,-0.58365,-0.56568,-0.58252,1.3001e-09,195,57,8.8886,-2.9673,5.9324
4.3477e-07,-0.58364,-0.56569,-0.58252,1.3001e-09,195,57,8.8886,-2.9673,5.9324
2.4013e-07,-0.69594,-0.057626,-0.6946,1.5957e-09,196,58,8.8466,-2.8976,5.9324
2.4889e-07,-0.69722,-0.07608,-0.69588,1.5906e-09,196,58,8.8886,-2.9018,5.8883
4.1321e-07,-0.68201,0.41502,-0.35282,1.609e-09,189,59,5.015,-7.9289,5.9324
4.3369e-07,-0.77178,0.38454,-0.318,1.672e-09,189,59,5.0105,-7.9103,5.9552
4.6296e-07,-0.84905,0.27784,-0.24968,1.7281e-09,189,59,5.0019,-7.8746,6
8.0209e-07,0.62909,-0.55093,0.54838,5.4646e-10,199,60,5.2769,-7.1697,5.9715
7.4399e-07,0.62909,-0.55093,0.54838,3.7584e-10,199,60,5.2379,-7.2345,5.9511
1.169e-06,-0.7301,0.41687,-0.50019,1.1176e-09,201,61,6.5433,-4.7766,6
1.1874e-06,-0.76234,0.39599,-0.4885,1.0708e-09,201,61,6.5642,-4.7874,5.9678
1.2011e-06,-0.79473,0.33502,-0.49852,1.0569e-09,201,61,6.5805,-4.7988,5.9397
1.2526e-06,-0.93478,0.2178,-0.078441,1.1377e-09,201,61,6.5842,-4.6485,5.9887
1.2091e-06,-0.68255,0.25813,-0.6672,8.0554e-10,202,62,6.8868,-4.3461,5.9324
1.2324e-06,-0.60762,0.5137,-0.59395,7.3996e-10,202,62,6.8252,-4.3953,5.9472
1.1526e-06,-0.95227,0.16539,-0.068368,8.6255e-10,203,63,6.9023,-4.0182,5.9743
1.2036e-06,-0.79726,0.31719,-0.50703,8.239e-10,203,63,6.8992,-4.1728,5.9324
8.9806e-07,-0.98457,-0.02849,-0.040852,7.2125e-10,208,64,6.9,4.3473,5.9324
8.8748e-07,-0.99073,-0.037661,-0.0066951,7.7726e-10,208,64,6.9003,4.3334,5.9394
9.1719e-07,-0.97914,-0.017549,-0.036935,9.0216e-10,209,65,6.5811,5.2978,5.9324
9.1543e-07,-0.97655,-0.056694,-0.0067853,1.0574e-09,209,65,6.5816,5.2788,5.9501
6.9021e-07,-0.98407,-0.024873,-0.047005,7.8586e-10,210,66,6.2649,5.9234,5.9324
6.8625e-07,-0.98225,-0.054678,-0.024849,8.6902e-10,210,66,6.265,5.9091,5.9459
